user_being_followed_id, user_following_id
18, 1
19, 1
23, 1
26, 1
48, 1
58, 1
96, 1
119, 1
129, 1
163, 1
169, 1
180, 1
187, 1
188, 1
194, 1
211, 1
237, 1
245, 1
257, 1
279, 1
292, 1
16, 2
17, 2
24, 2
51, 2
58, 2
74, 2
90, 2
123, 2
130, 2
133, 2
194, 2
212, 2
218, 2
221, 2
262, 2
273, 2
289, 2
1, 3
4, 3
12, 3
21, 3
44, 3
46, 3
75, 3
110, 3
115, 3
147, 3
171, 3
190, 3
219, 3
223, 3
228, 3
235, 3
248, 3
258, 3
268, 3
282, 3
285, 3
287, 3
299, 3
12, 4
20, 4
28, 4
31, 4
56, 4
59, 4
88, 4
101, 4
148, 4
153, 4
155, 4
178, 4
199, 4
208, 4
215, 4
259, 4
300, 4
3, 5
52, 5
70, 5
73, 5
78, 5
85, 5
101, 5
188, 5
198, 5
220, 5
237, 5
241, 5
246, 5
248, 5
281, 5
298, 5
7, 6
8, 6
47, 6
54, 6
57, 6
111, 6
151, 6
155, 6
156, 6
166, 6
184, 6
246, 6
251, 6
271, 6
279, 6
46, 7
50, 7
68, 7
89, 7
96, 7
103, 7
120, 7
148, 7
155, 7
166, 7
189, 7
190, 7
192, 7
209, 7
212, 7
238, 7
244, 7
252, 7
256, 7
276, 7
286, 7
291, 7
292, 7
300, 7
11, 8
21, 8
33, 8
48, 8
52, 8
61, 8
99, 8
112, 8
123, 8
131, 8
149, 8
153, 8
208, 8
227, 8
236, 8
241, 8
250, 8
253, 8
273, 8
14, 9
23, 9
39, 9
65, 9
69, 9
81, 9
83, 9
96, 9
119, 9
133, 9
159, 9
166, 9
211, 9
226, 9
227, 9
233, 9
263, 9
281, 9
291, 9
299, 9
11, 10
27, 10
31, 10
70, 10
84, 10
87, 10
99, 10
116, 10
124, 10
127, 10
132, 10
135, 10
199, 10
234, 10
236, 10
238, 10
241, 10
251, 10
257, 10
267, 10
271, 10
281, 10
292, 10
296, 10
22, 11
47, 11
66, 11
83, 11
101, 11
106, 11
111, 11
145, 11
149, 11
156, 11
160, 11
166, 11
168, 11
183, 11
186, 11
193, 11
195, 11
212, 11
216, 11
223, 11
243, 11
273, 11
7, 12
23, 12
53, 12
104, 12
111, 12
117, 12
148, 12
172, 12
173, 12
186, 12
190, 12
227, 12
233, 12
249, 12
256, 12
264, 12
265, 12
1, 13
12, 13
19, 13
47, 13
50, 13
63, 13
64, 13
68, 13
73, 13
82, 13
92, 13
95, 13
116, 13
191, 13
212, 13
217, 13
263, 13
283, 13
35, 14
40, 14
50, 14
54, 14
75, 14
78, 14
84, 14
89, 14
90, 14
102, 14
110, 14
120, 14
135, 14
287, 14
289, 14
299, 14
1, 15
30, 15
35, 15
38, 15
61, 15
67, 15
78, 15
80, 15
105, 15
110, 15
112, 15
137, 15
174, 15
184, 15
198, 15
213, 15
232, 15
2, 16
40, 16
96, 16
113, 16
148, 16
185, 16
205, 16
210, 16
41, 17
45, 17
115, 17
153, 17
182, 17
183, 17
185, 17
196, 17
199, 17
200, 17
209, 17
220, 17
228, 17
239, 17
261, 17
280, 17
286, 17
293, 17
299, 17
4, 18
8, 18
40, 18
76, 18
88, 18
125, 18
168, 18
170, 18
180, 18
181, 18
226, 18
229, 18
236, 18
238, 18
263, 18
300, 18
6, 19
22, 19
32, 19
53, 19
65, 19
75, 19
89, 19
131, 19
158, 19
171, 19
182, 19
184, 19
188, 19
190, 19
195, 19
260, 19
272, 19
282, 19
7, 20
25, 20
95, 20
105, 20
113, 20
143, 20
147, 20
156, 20
167, 20
174, 20
179, 20
195, 20
197, 20
200, 20
219, 20
250, 20
251, 20
271, 20
4, 21
15, 21
38, 21
91, 21
122, 21
168, 21
169, 21
175, 21
201, 21
206, 21
210, 21
235, 21
240, 21
297, 21
23, 22
29, 22
38, 22
84, 22
96, 22
109, 22
120, 22
184, 22
203, 22
211, 22
239, 22
262, 22
283, 22
5, 23
16, 23
148, 23
201, 23
206, 23
225, 23
244, 23
248, 23
265, 23
297, 23
16, 24
31, 24
41, 24
42, 24
52, 24
67, 24
95, 24
128, 24
173, 24
184, 24
191, 24
200, 24
202, 24
210, 24
218, 24
239, 24
1, 25
17, 25
19, 25
61, 25
84, 25
119, 25
120, 25
146, 25
159, 25
181, 25
189, 25
215, 25
222, 25
231, 25
252, 25
257, 25
3, 26
38, 26
39, 26
73, 26
114, 26
116, 26
124, 26
145, 26
151, 26
166, 26
259, 26
276, 26
277, 26
293, 26
56, 27
74, 27
81, 27
82, 27
106, 27
123, 27
156, 27
161, 27
169, 27
176, 27
200, 27
204, 27
207, 27
213, 27
223, 27
231, 27
238, 27
242, 27
243, 27
285, 27
296, 27
300, 27
8, 28
20, 28
43, 28
62, 28
99, 28
108, 28
153, 28
160, 28
190, 28
202, 28
236, 28
250, 28
262, 28
299, 28
14, 29
41, 29
49, 29
68, 29
76, 29
105, 29
118, 29
131, 29
174, 29
201, 29
228, 29
235, 29
236, 29
257, 29
266, 29
284, 29
3, 30
56, 30
90, 30
95, 30
126, 30
140, 30
167, 30
181, 30
256, 30
268, 30
272, 30
285, 30
5, 31
29, 31
46, 31
47, 31
49, 31
52, 31
60, 31
89, 31
106, 31
112, 31
159, 31
166, 31
179, 31
185, 31
187, 31
203, 31
212, 31
244, 31
264, 31
278, 31
285, 31
290, 31
34, 32
35, 32
44, 32
69, 32
74, 32
96, 32
107, 32
124, 32
149, 32
154, 32
165, 32
166, 32
167, 32
176, 32
209, 32
270, 32
294, 32
299, 32
7, 33
14, 33
29, 33
35, 33
55, 33
67, 33
83, 33
85, 33
90, 33
130, 33
139, 33
154, 33
168, 33
175, 33
179, 33
184, 33
195, 33
198, 33
232, 33
282, 33
19, 34
23, 34
45, 34
48, 34
49, 34
66, 34
87, 34
143, 34
154, 34
157, 34
175, 34
191, 34
203, 34
219, 34
250, 34
280, 34
299, 34
61, 35
115, 35
148, 35
153, 35
158, 35
198, 35
211, 35
236, 35
259, 35
280, 35
283, 35
27, 36
42, 36
54, 36
63, 36
91, 36
112, 36
113, 36
140, 36
144, 36
165, 36
181, 36
196, 36
197, 36
219, 36
245, 36
253, 36
280, 36
30, 37
47, 37
95, 37
98, 37
106, 37
116, 37
133, 37
150, 37
156, 37
167, 37
169, 37
193, 37
215, 37
250, 37
251, 37
252, 37
21, 38
31, 38
44, 38
67, 38
83, 38
99, 38
114, 38
144, 38
158, 38
165, 38
189, 38
192, 38
211, 38
212, 38
240, 38
246, 38
251, 38
285, 38
287, 38
295, 38
23, 39
25, 39
29, 39
47, 39
50, 39
52, 39
53, 39
67, 39
70, 39
102, 39
139, 39
154, 39
159, 39
160, 39
169, 39
187, 39
192, 39
215, 39
249, 39
272, 39
291, 39
25, 40
83, 40
84, 40
86, 40
104, 40
109, 40
125, 40
134, 40
139, 40
141, 40
148, 40
186, 40
207, 40
223, 40
232, 40
265, 40
269, 40
283, 40
32, 41
56, 41
67, 41
74, 41
80, 41
81, 41
88, 41
106, 41
204, 41
234, 41
242, 41
246, 41
264, 41
289, 41
293, 41
295, 41
32, 42
36, 42
43, 42
51, 42
66, 42
82, 42
95, 42
120, 42
128, 42
157, 42
174, 42
184, 42
194, 42
214, 42
216, 42
219, 42
286, 42
11, 43
23, 43
38, 43
58, 43
60, 43
67, 43
72, 43
75, 43
83, 43
107, 43
115, 43
139, 43
150, 43
182, 43
186, 43
188, 43
198, 43
218, 43
219, 43
240, 43
290, 43
295, 43
300, 43
3, 44
27, 44
36, 44
62, 44
64, 44
81, 44
84, 44
87, 44
109, 44
132, 44
167, 44
186, 44
212, 44
216, 44
249, 44
259, 44
272, 44
282, 44
286, 44
48, 45
80, 45
146, 45
178, 45
21, 46
33, 46
34, 46
53, 46
56, 46
85, 46
106, 46
110, 46
134, 46
150, 46
152, 46
160, 46
162, 46
181, 46
198, 46
210, 46
211, 46
226, 46
246, 46
260, 46
270, 46
294, 46
13, 47
50, 47
54, 47
72, 47
101, 47
107, 47
110, 47
141, 47
171, 47
177, 47
194, 47
209, 47
254, 47
261, 47
275, 47
20, 48
30, 48
50, 48
54, 48
64, 48
76, 48
79, 48
97, 48
108, 48
112, 48
146, 48
160, 48
169, 48
207, 48
236, 48
237, 48
273, 48
289, 48
26, 49
53, 49
67, 49
81, 49
88, 49
126, 49
127, 49
154, 49
159, 49
171, 49
180, 49
181, 49
185, 49
192, 49
202, 49
230, 49
239, 49
243, 49
254, 49
290, 49
12, 50
56, 50
70, 50
87, 50
112, 50
113, 50
167, 50
169, 50
181, 50
204, 50
241, 50
250, 50
281, 50
295, 50
1, 51
2, 51
9, 51
64, 51
67, 51
97, 51
136, 51
168, 51
172, 51
208, 51
232, 51
248, 51
257, 51
282, 51
286, 51
34, 52
40, 52
51, 52
100, 52
105, 52
120, 52
139, 52
146, 52
158, 52
165, 52
169, 52
192, 52
227, 52
261, 52
262, 52
263, 52
282, 52
299, 52
6, 53
64, 53
89, 53
105, 53
110, 53
129, 53
144, 53
152, 53
179, 53
183, 53
194, 53
238, 53
241, 53
242, 53
292, 53
295, 53
300, 53
37, 54
43, 54
73, 54
76, 54
99, 54
107, 54
151, 54
154, 54
167, 54
189, 54
199, 54
231, 54
288, 54
295, 54
296, 54
13, 55
35, 55
82, 55
101, 55
112, 55
118, 55
133, 55
139, 55
142, 55
151, 55
170, 55
181, 55
194, 55
214, 55
264, 55
287, 55
294, 55
17, 56
50, 56
60, 56
89, 56
97, 56
100, 56
135, 56
144, 56
145, 56
149, 56
160, 56
163, 56
166, 56
182, 56
204, 56
214, 56
235, 56
247, 56
294, 56
6, 57
9, 57
27, 57
91, 57
100, 57
103, 57
105, 57
111, 57
150, 57
162, 57
189, 57
192, 57
207, 57
219, 57
223, 57
262, 57
268, 57
274, 57
12, 58
17, 58
25, 58
33, 58
41, 58
78, 58
87, 58
106, 58
159, 58
164, 58
178, 58
200, 58
201, 58
209, 58
213, 58
243, 58
263, 58
264, 58
18, 59
46, 59
48, 59
77, 59
90, 59
107, 59
128, 59
133, 59
156, 59
185, 59
13, 60
22, 60
39, 60
54, 60
73, 60
88, 60
97, 60
116, 60
133, 60
138, 60
164, 60
180, 60
203, 60
233, 60
252, 60
260, 60
290, 60
295, 60
6, 61
24, 61
33, 61
38, 61
52, 61
54, 61
70, 61
96, 61
101, 61
102, 61
107, 61
136, 61
140, 61
145, 61
146, 61
156, 61
159, 61
217, 61
222, 61
271, 61
64, 62
86, 62
109, 62
118, 62
161, 62
171, 62
205, 62
243, 62
252, 62
275, 62
286, 62
5, 63
15, 63
53, 63
57, 63
132, 63
197, 63
201, 63
234, 63
266, 63
271, 63
4, 64
38, 64
58, 64
67, 64
73, 64
129, 64
143, 64
146, 64
160, 64
185, 64
191, 64
204, 64
212, 64
216, 64
226, 64
233, 64
259, 64
279, 64
43, 65
50, 65
66, 65
71, 65
94, 65
101, 65
104, 65
133, 65
138, 65
143, 65
217, 65
221, 65
224, 65
258, 65
262, 65
271, 65
272, 65
273, 65
4, 66
21, 66
52, 66
64, 66
93, 66
100, 66
142, 66
163, 66
183, 66
233, 66
234, 66
281, 66
291, 66
296, 66
11, 67
62, 67
63, 67
65, 67
79, 67
90, 67
120, 67
141, 67
155, 67
164, 67
174, 67
187, 67
209, 67
230, 67
251, 67
252, 67
9, 68
11, 68
22, 68
36, 68
72, 68
75, 68
100, 68
102, 68
111, 68
117, 68
118, 68
119, 68
129, 68
132, 68
164, 68
175, 68
181, 68
186, 68
218, 68
221, 68
299, 68
8, 69
16, 69
20, 69
43, 69
45, 69
115, 69
129, 69
131, 69
172, 69
179, 69
227, 69
230, 69
249, 69
267, 69
283, 69
20, 70
87, 70
94, 70
98, 70
101, 70
185, 70
188, 70
195, 70
264, 70
266, 70
285, 70
5, 71
32, 71
52, 71
64, 71
82, 71
83, 71
108, 71
109, 71
151, 71
168, 71
174, 71
178, 71
187, 71
208, 71
244, 71
265, 71
299, 71
3, 72
13, 72
16, 72
20, 72
36, 72
56, 72
148, 72
153, 72
178, 72
240, 72
249, 72
265, 72
300, 72
6, 73
44, 73
59, 73
65, 73
84, 73
139, 73
162, 73
167, 73
208, 73
213, 73
231, 73
268, 73
281, 73
8, 74
59, 74
71, 74
77, 74
81, 74
83, 74
88, 74
133, 74
187, 74
217, 74
245, 74
255, 74
268, 74
274, 74
279, 74
288, 74
290, 74
2, 75
11, 75
23, 75
40, 75
106, 75
113, 75
123, 75
126, 75
127, 75
201, 75
209, 75
241, 75
250, 75
274, 75
283, 75
287, 75
4, 76
60, 76
72, 76
80, 76
96, 76
99, 76
127, 76
155, 76
221, 76
225, 76
275, 76
281, 76
6, 77
43, 77
59, 77
60, 77
72, 77
111, 77
185, 77
192, 77
210, 77
227, 77
296, 77
7, 78
48, 78
121, 78
123, 78
161, 78
192, 78
193, 78
210, 78
231, 78
243, 78
259, 78
272, 78
42, 79
66, 79
73, 79
84, 79
86, 79
116, 79
117, 79
146, 79
177, 79
184, 79
199, 79
201, 79
240, 79
254, 79
277, 79
278, 79
33, 80
77, 80
95, 80
123, 80
125, 80
130, 80
135, 80
205, 80
251, 80
275, 80
284, 80
22, 81
35, 81
37, 81
53, 81
86, 81
110, 81
155, 81
165, 81
172, 81
178, 81
204, 81
253, 81
256, 81
258, 81
278, 81
279, 81
300, 81
2, 82
23, 82
49, 82
55, 82
70, 82
81, 82
134, 82
148, 82
150, 82
198, 82
231, 82
293, 82
3, 83
15, 83
17, 83
54, 83
57, 83
66, 83
81, 83
97, 83
99, 83
125, 83
137, 83
145, 83
149, 83
150, 83
161, 83
172, 83
243, 83
265, 83
278, 83
13, 84
19, 84
20, 84
40, 84
78, 84
79, 84
95, 84
128, 84
129, 84
134, 84
148, 84
149, 84
159, 84
173, 84
184, 84
209, 84
215, 84
240, 84
250, 84
255, 84
273, 84
289, 84
296, 84
2, 85
17, 85
19, 85
45, 85
49, 85
86, 85
151, 85
177, 85
188, 85
203, 85
209, 85
243, 85
248, 85
33, 86
44, 86
60, 86
66, 86
100, 86
115, 86
125, 86
137, 86
142, 86
144, 86
150, 86
159, 86
178, 86
179, 86
187, 86
266, 86
278, 86
280, 86
295, 86
29, 87
80, 87
82, 87
89, 87
127, 87
153, 87
155, 87
176, 87
221, 87
226, 87
230, 87
235, 87
240, 87
286, 87
292, 87
297, 87
9, 88
10, 88
19, 88
63, 88
120, 88
138, 88
165, 88
179, 88
225, 88
226, 88
255, 88
284, 88
297, 88
11, 89
22, 89
69, 89
84, 89
86, 89
98, 89
112, 89
130, 89
160, 89
191, 89
208, 89
238, 89
252, 89
259, 89
35, 90
36, 90
67, 90
122, 90
126, 90
127, 90
130, 90
181, 90
209, 90
216, 90
239, 90
245, 90
253, 90
261, 90
265, 90
14, 91
22, 91
30, 91
36, 91
47, 91
71, 91
83, 91
101, 91
103, 91
110, 91
164, 91
166, 91
172, 91
196, 91
218, 91
248, 91
259, 91
272, 91
5, 92
12, 92
22, 92
38, 92
67, 92
74, 92
85, 92
100, 92
212, 92
229, 92
235, 92
239, 92
244, 92
279, 92
292, 92
8, 93
15, 93
51, 93
56, 93
57, 93
64, 93
80, 93
86, 93
106, 93
112, 93
114, 93
126, 93
131, 93
132, 93
182, 93
197, 93
213, 93
234, 93
237, 93
250, 93
254, 93
274, 93
286, 93
1, 94
12, 94
23, 94
24, 94
58, 94
63, 94
70, 94
85, 94
89, 94
112, 94
119, 94
126, 94
133, 94
151, 94
214, 94
260, 94
288, 94
32, 95
51, 95
80, 95
165, 95
171, 95
184, 95
279, 95
12, 96
63, 96
93, 96
103, 96
122, 96
124, 96
135, 96
143, 96
148, 96
164, 96
171, 96
261, 96
295, 96
298, 96
9, 97
11, 97
21, 97
38, 97
39, 97
59, 97
63, 97
80, 97
99, 97
132, 97
147, 97
158, 97
159, 97
161, 97
185, 97
188, 97
192, 97
197, 97
205, 97
214, 97
215, 97
5, 98
14, 98
35, 98
62, 98
69, 98
113, 98
165, 98
215, 98
216, 98
227, 98
273, 98
277, 98
15, 99
27, 99
42, 99
43, 99
53, 99
63, 99
93, 99
101, 99
102, 99
104, 99
122, 99
126, 99
153, 99
157, 99
169, 99
171, 99
203, 99
207, 99
281, 99
293, 99
10, 100
20, 100
46, 100
59, 100
72, 100
83, 100
109, 100
111, 100
117, 100
118, 100
124, 100
128, 100
145, 100
150, 100
153, 100
172, 100
177, 100
189, 100
194, 100
216, 100
225, 100
240, 100
258, 100
272, 100
294, 100
4, 101
30, 101
58, 101
66, 101
98, 101
169, 101
209, 101
223, 101
231, 101
247, 101
253, 101
286, 101
287, 101
289, 101
8, 102
45, 102
47, 102
53, 102
64, 102
68, 102
93, 102
109, 102
122, 102
150, 102
152, 102
154, 102
170, 102
203, 102
273, 102
276, 102
282, 102
285, 102
286, 102
8, 103
20, 103
28, 103
47, 103
76, 103
107, 103
115, 103
119, 103
126, 103
149, 103
228, 103
236, 103
254, 103
260, 103
290, 103
8, 104
29, 104
34, 104
41, 104
53, 104
55, 104
88, 104
101, 104
142, 104
143, 104
194, 104
210, 104
212, 104
215, 104
221, 104
225, 104
234, 104
253, 104
263, 104
65, 105
82, 105
96, 105
99, 105
104, 105
121, 105
130, 105
156, 105
175, 105
188, 105
212, 105
218, 105
246, 105
250, 105
261, 105
282, 105
298, 105
71, 106
86, 106
94, 106
111, 106
138, 106
156, 106
188, 106
17, 107
54, 107
58, 107
74, 107
98, 107
103, 107
130, 107
140, 107
167, 107
178, 107
181, 107
182, 107
199, 107
200, 107
201, 107
234, 107
239, 107
244, 107
286, 107
17, 108
23, 108
28, 108
41, 108
45, 108
58, 108
62, 108
71, 108
94, 108
154, 108
173, 108
176, 108
180, 108
182, 108
189, 108
194, 108
231, 108
232, 108
287, 108
290, 108
13, 109
41, 109
72, 109
85, 109
102, 109
129, 109
144, 109
194, 109
218, 109
243, 109
262, 109
272, 109
282, 109
299, 109
2, 110
11, 110
35, 110
86, 110
112, 110
136, 110
140, 110
158, 110
159, 110
165, 110
166, 110
168, 110
230, 110
263, 110
273, 110
279, 110
280, 110
291, 110
299, 110
95, 111
98, 111
156, 111
177, 111
181, 111
182, 111
187, 111
190, 111
196, 111
212, 111
229, 111
246, 111
259, 111
268, 111
80, 112
104, 112
111, 112
184, 112
243, 112
268, 112
271, 112
278, 112
279, 112
286, 112
290, 112
291, 112
16, 113
46, 113
47, 113
63, 113
66, 113
143, 113
151, 113
196, 113
198, 113
201, 113
208, 113
219, 113
233, 113
247, 113
248, 113
294, 113
299, 113
16, 114
26, 114
53, 114
54, 114
61, 114
75, 114
107, 114
110, 114
112, 114
162, 114
247, 114
261, 114
297, 114
22, 115
46, 115
52, 115
72, 115
81, 115
91, 115
119, 115
126, 115
163, 115
195, 115
196, 115
207, 115
217, 115
278, 115
281, 115
49, 116
64, 116
84, 116
95, 116
161, 116
179, 116
182, 116
202, 116
218, 116
237, 116
238, 116
249, 116
264, 116
268, 116
295, 116
2, 117
8, 117
12, 117
35, 117
36, 117
57, 117
63, 117
88, 117
115, 117
127, 117
128, 117
142, 117
172, 117
181, 117
221, 117
228, 117
256, 117
296, 117
298, 117
3, 118
20, 118
28, 118
81, 118
135, 118
148, 118
151, 118
158, 118
196, 118
215, 118
262, 118
279, 118
286, 118
75, 119
81, 119
90, 119
96, 119
106, 119
140, 119
151, 119
169, 119
180, 119
200, 119
203, 119
234, 119
237, 119
268, 119
271, 119
283, 119
22, 120
35, 120
66, 120
94, 120
97, 120
128, 120
201, 120
203, 120
207, 120
213, 120
224, 120
249, 120
13, 121
19, 121
71, 121
83, 121
86, 121
92, 121
103, 121
141, 121
183, 121
194, 121
199, 121
259, 121
270, 121
300, 121
44, 122
45, 122
85, 122
104, 122
132, 122
139, 122
141, 122
157, 122
190, 122
204, 122
210, 122
213, 122
218, 122
219, 122
231, 122
295, 122
296, 122
300, 122
4, 123
25, 123
68, 123
147, 123
150, 123
158, 123
170, 123
178, 123
200, 123
231, 123
243, 123
263, 123
19, 124
33, 124
47, 124
48, 124
52, 124
57, 124
72, 124
87, 124
94, 124
118, 124
159, 124
227, 124
246, 124
282, 124
289, 124
300, 124
46, 125
70, 125
83, 125
112, 125
128, 125
144, 125
209, 125
221, 125
224, 125
248, 125
252, 125
256, 125
295, 125
1, 126
5, 126
9, 126
13, 126
36, 126
50, 126
56, 126
66, 126
75, 126
111, 126
162, 126
188, 126
189, 126
207, 126
211, 126
212, 126
216, 126
218, 126
241, 126
253, 126
255, 126
283, 126
290, 126
296, 126
11, 127
36, 127
41, 127
52, 127
61, 127
91, 127
97, 127
129, 127
152, 127
165, 127
173, 127
184, 127
185, 127
198, 127
203, 127
210, 127
239, 127
240, 127
250, 127
257, 127
270, 127
9, 128
22, 128
33, 128
56, 128
70, 128
77, 128
133, 128
145, 128
225, 128
239, 128
243, 128
248, 128
256, 128
268, 128
286, 128
292, 128
1, 129
51, 129
79, 129
112, 129
120, 129
123, 129
147, 129
149, 129
177, 129
214, 129
243, 129
262, 129
268, 129
280, 129
1, 130
9, 130
11, 130
27, 130
40, 130
50, 130
66, 130
79, 130
85, 130
90, 130
126, 130
127, 130
158, 130
171, 130
174, 130
198, 130
220, 130
247, 130
256, 130
269, 130
274, 130
283, 130
292, 130
12, 131
34, 131
67, 131
95, 131
107, 131
146, 131
154, 131
189, 131
191, 131
193, 131
194, 131
213, 131
273, 131
283, 131
300, 131
5, 132
21, 132
24, 132
29, 132
64, 132
77, 132
113, 132
125, 132
139, 132
169, 132
173, 132
178, 132
189, 132
210, 132
238, 132
263, 132
266, 132
284, 132
285, 132
12, 133
20, 133
28, 133
53, 133
95, 133
98, 133
101, 133
107, 133
113, 133
124, 133
128, 133
130, 133
132, 133
155, 133
156, 133
160, 133
163, 133
176, 133
191, 133
204, 133
205, 133
253, 133
299, 133
51, 134
68, 134
85, 134
91, 134
120, 134
127, 134
144, 134
187, 134
194, 134
254, 134
289, 134
297, 134
18, 135
23, 135
25, 135
27, 135
56, 135
60, 135
67, 135
98, 135
114, 135
117, 135
119, 135
128, 135
151, 135
157, 135
164, 135
177, 135
247, 135
274, 135
280, 135
283, 135
287, 135
53, 136
80, 136
84, 136
97, 136
104, 136
157, 136
189, 136
195, 136
251, 136
266, 136
273, 136
22, 137
24, 137
28, 137
38, 137
51, 137
54, 137
57, 137
63, 137
81, 137
105, 137
116, 137
121, 137
130, 137
140, 137
153, 137
169, 137
203, 137
255, 137
11, 138
26, 138
34, 138
47, 138
53, 138
56, 138
70, 138
79, 138
108, 138
123, 138
147, 138
149, 138
154, 138
189, 138
204, 138
225, 138
238, 138
263, 138
271, 138
275, 138
289, 138
36, 139
64, 139
65, 139
77, 139
78, 139
112, 139
119, 139
120, 139
121, 139
132, 139
171, 139
219, 139
254, 139
276, 139
277, 139
278, 139
282, 139
288, 139
5, 140
13, 140
33, 140
40, 140
95, 140
115, 140
126, 140
132, 140
142, 140
144, 140
147, 140
152, 140
165, 140
169, 140
175, 140
178, 140
256, 140
269, 140
290, 140
1, 141
7, 141
22, 141
68, 141
156, 141
181, 141
182, 141
187, 141
194, 141
198, 141
217, 141
224, 141
228, 141
234, 141
250, 141
263, 141
269, 141
275, 141
284, 141
286, 141
27, 142
47, 142
85, 142
88, 142
128, 142
132, 142
136, 142
140, 142
230, 142
236, 142
296, 142
20, 143
26, 143
52, 143
54, 143
71, 143
77, 143
87, 143
108, 143
113, 143
114, 143
117, 143
138, 143
158, 143
207, 143
229, 143
233, 143
260, 143
265, 143
271, 143
294, 143
297, 143
11, 144
50, 144
68, 144
100, 144
112, 144
115, 144
134, 144
136, 144
139, 144
146, 144
170, 144
187, 144
193, 144
195, 144
204, 144
231, 144
234, 144
292, 144
296, 144
8, 145
61, 145
68, 145
77, 145
79, 145
88, 145
109, 145
116, 145
122, 145
151, 145
162, 145
184, 145
202, 145
203, 145
216, 145
223, 145
272, 145
10, 146
12, 146
18, 146
41, 146
42, 146
61, 146
86, 146
116, 146
151, 146
168, 146
177, 146
241, 146
245, 146
278, 146
298, 146
30, 147
32, 147
49, 147
65, 147
69, 147
70, 147
74, 147
97, 147
126, 147
176, 147
197, 147
202, 147
220, 147
226, 147
229, 147
272, 147
282, 147
293, 147
12, 148
19, 148
30, 148
44, 148
50, 148
60, 148
76, 148
97, 148
173, 148
193, 148
194, 148
197, 148
202, 148
219, 148
228, 148
249, 148
250, 148
5, 149
11, 149
14, 149
21, 149
61, 149
166, 149
175, 149
185, 149
192, 149
200, 149
206, 149
209, 149
217, 149
237, 149
255, 149
3, 150
5, 150
7, 150
24, 150
29, 150
32, 150
64, 150
65, 150
81, 150
84, 150
114, 150
130, 150
148, 150
177, 150
194, 150
212, 150
236, 150
245, 150
264, 150
39, 151
47, 151
57, 151
60, 151
91, 151
106, 151
135, 151
143, 151
156, 151
203, 151
216, 151
231, 151
267, 151
270, 151
298, 151
31, 152
62, 152
70, 152
109, 152
124, 152
129, 152
139, 152
216, 152
246, 152
265, 152
280, 152
17, 153
19, 153
74, 153
77, 153
98, 153
114, 153
138, 153
166, 153
168, 153
188, 153
189, 153
203, 153
215, 153
244, 153
257, 153
270, 153
281, 153
288, 153
2, 154
15, 154
26, 154
27, 154
32, 154
89, 154
101, 154
104, 154
118, 154
130, 154
161, 154
165, 154
235, 154
237, 154
253, 154
258, 154
267, 154
9, 155
22, 155
25, 155
45, 155
62, 155
99, 155
122, 155
133, 155
149, 155
169, 155
211, 155
265, 155
279, 155
284, 155
3, 156
4, 156
10, 156
110, 156
157, 156
167, 156
189, 156
202, 156
221, 156
226, 156
251, 156
275, 156
21, 157
32, 157
60, 157
90, 157
91, 157
101, 157
122, 157
141, 157
143, 157
146, 157
171, 157
216, 157
226, 157
231, 157
247, 157
268, 157
290, 157
14, 158
29, 158
53, 158
116, 158
127, 158
162, 158
177, 158
185, 158
193, 158
227, 158
237, 158
240, 158
253, 158
274, 158
280, 158
285, 158
287, 158
292, 158
4, 159
7, 159
16, 159
21, 159
73, 159
86, 159
121, 159
137, 159
145, 159
155, 159
161, 159
162, 159
164, 159
190, 159
191, 159
200, 159
213, 159
231, 159
238, 159
247, 159
5, 160
57, 160
67, 160
79, 160
119, 160
127, 160
144, 160
150, 160
171, 160
175, 160
188, 160
195, 160
252, 160
290, 160
3, 161
13, 161
15, 161
24, 161
39, 161
71, 161
104, 161
119, 161
131, 161
139, 161
150, 161
166, 161
210, 161
251, 161
254, 161
265, 161
285, 161
291, 161
1, 162
8, 162
38, 162
46, 162
48, 162
93, 162
116, 162
119, 162
138, 162
141, 162
159, 162
166, 162
171, 162
193, 162
241, 162
246, 162
251, 162
253, 162
274, 162
290, 162
18, 163
26, 163
76, 163
86, 163
103, 163
120, 163
125, 163
171, 163
176, 163
184, 163
195, 163
223, 163
234, 163
241, 163
266, 163
279, 163
286, 163
297, 163
4, 164
5, 164
6, 164
43, 164
45, 164
103, 164
120, 164
128, 164
174, 164
192, 164
199, 164
240, 164
244, 164
255, 164
256, 164
265, 164
272, 164
277, 164
293, 164
16, 165
40, 165
42, 165
43, 165
44, 165
52, 165
75, 165
78, 165
98, 165
106, 165
124, 165
141, 165
157, 165
208, 165
234, 165
256, 165
290, 165
27, 166
30, 166
74, 166
155, 166
169, 166
191, 166
194, 166
204, 166
214, 166
216, 166
217, 166
218, 166
234, 166
238, 166
241, 166
278, 166
286, 166
5, 167
23, 167
36, 167
37, 167
110, 167
124, 167
140, 167
142, 167
186, 167
203, 167
214, 167
243, 167
18, 168
21, 168
31, 168
51, 168
73, 168
83, 168
103, 168
121, 168
128, 168
139, 168
189, 168
190, 168
193, 168
202, 168
209, 168
230, 168
240, 168
255, 168
266, 168
1, 169
13, 169
16, 169
18, 169
49, 169
50, 169
75, 169
78, 169
115, 169
136, 169
170, 169
172, 169
221, 169
226, 169
235, 169
236, 169
268, 169
276, 169
15, 170
17, 170
18, 170
62, 170
63, 170
72, 170
76, 170
96, 170
107, 170
114, 170
148, 170
152, 170
188, 170
200, 170
223, 170
234, 170
240, 170
258, 170
270, 170
272, 170
288, 170
30, 171
59, 171
62, 171
79, 171
97, 171
115, 171
163, 171
169, 171
193, 171
195, 171
223, 171
284, 171
286, 171
4, 172
14, 172
23, 172
27, 172
28, 172
107, 172
132, 172
153, 172
174, 172
192, 172
210, 172
212, 172
218, 172
223, 172
257, 172
269, 172
271, 172
282, 172
285, 172
1, 173
2, 173
15, 173
20, 173
35, 173
53, 173
57, 173
117, 173
120, 173
141, 173
184, 173
207, 173
209, 173
220, 173
238, 173
249, 173
267, 173
281, 173
291, 173
6, 174
8, 174
17, 174
24, 174
56, 174
115, 174
159, 174
207, 174
251, 174
253, 174
278, 174
11, 175
55, 175
69, 175
80, 175
82, 175
119, 175
129, 175
144, 175
154, 175
188, 175
198, 175
213, 175
219, 175
260, 175
287, 175
288, 175
86, 176
99, 176
100, 176
103, 176
113, 176
119, 176
162, 176
203, 176
207, 176
212, 176
227, 176
234, 176
255, 176
261, 176
277, 176
281, 176
6, 177
12, 177
28, 177
32, 177
39, 177
41, 177
69, 177
77, 177
78, 177
107, 177
110, 177
123, 177
131, 177
162, 177
163, 177
175, 177
188, 177
193, 177
215, 177
229, 177
241, 177
284, 177
292, 177
20, 178
29, 178
32, 178
41, 178
46, 178
111, 178
142, 178
163, 178
177, 178
194, 178
203, 178
241, 178
247, 178
261, 178
268, 178
289, 178
298, 178
299, 178
8, 179
25, 179
29, 179
68, 179
100, 179
101, 179
117, 179
128, 179
229, 179
246, 179
257, 179
296, 179
11, 180
14, 180
35, 180
54, 180
63, 180
68, 180
71, 180
80, 180
88, 180
91, 180
92, 180
108, 180
120, 180
162, 180
208, 180
237, 180
255, 180
269, 180
73, 181
86, 181
88, 181
95, 181
104, 181
105, 181
109, 181
114, 181
128, 181
161, 181
162, 181
235, 181
282, 181
283, 181
295, 181
15, 182
17, 182
22, 182
32, 182
51, 182
57, 182
64, 182
98, 182
104, 182
118, 182
123, 182
148, 182
160, 182
172, 182
173, 182
210, 182
230, 182
250, 182
257, 182
263, 182
273, 182
283, 182
284, 182
290, 182
293, 182
1, 183
5, 183
30, 183
35, 183
44, 183
53, 183
71, 183
118, 183
258, 183
264, 183
271, 183
272, 183
287, 183
1, 184
33, 184
34, 184
35, 184
77, 184
81, 184
89, 184
92, 184
124, 184
125, 184
130, 184
132, 184
168, 184
202, 184
230, 184
254, 184
256, 184
281, 184
16, 185
26, 185
56, 185
110, 185
148, 185
171, 185
175, 185
209, 185
220, 185
231, 185
54, 186
78, 186
100, 186
124, 186
158, 186
185, 186
229, 186
244, 186
251, 186
257, 186
258, 186
266, 186
2, 187
21, 187
34, 187
51, 187
52, 187
61, 187
62, 187
71, 187
80, 187
120, 187
126, 187
151, 187
174, 187
178, 187
207, 187
220, 187
223, 187
272, 187
298, 187
4, 188
8, 188
15, 188
62, 188
87, 188
140, 188
149, 188
186, 188
222, 188
223, 188
237, 188
243, 188
244, 188
253, 188
276, 188
18, 189
36, 189
42, 189
102, 189
114, 189
128, 189
155, 189
171, 189
179, 189
199, 189
202, 189
223, 189
267, 189
277, 189
284, 189
13, 190
24, 190
45, 190
53, 190
67, 190
104, 190
106, 190
116, 190
120, 190
122, 190
147, 190
150, 190
166, 190
201, 190
220, 190
231, 190
259, 190
34, 191
56, 191
75, 191
81, 191
99, 191
118, 191
135, 191
136, 191
165, 191
189, 191
199, 191
200, 191
215, 191
217, 191
247, 191
261, 191
280, 191
1, 192
14, 192
18, 192
83, 192
97, 192
130, 192
195, 192
229, 192
236, 192
241, 192
269, 192
281, 192
282, 192
297, 192
300, 192
20, 193
26, 193
33, 193
40, 193
57, 193
72, 193
116, 193
122, 193
124, 193
148, 193
180, 193
182, 193
189, 193
195, 193
222, 193
226, 193
228, 193
256, 193
285, 193
288, 193
295, 193
7, 194
20, 194
26, 194
54, 194
59, 194
68, 194
82, 194
120, 194
144, 194
174, 194
186, 194
196, 194
214, 194
222, 194
231, 194
235, 194
236, 194
254, 194
261, 194
281, 194
293, 194
42, 195
61, 195
86, 195
104, 195
105, 195
122, 195
140, 195
148, 195
156, 195
191, 195
225, 195
244, 195
289, 195
9, 196
77, 196
96, 196
107, 196
117, 196
119, 196
143, 196
154, 196
175, 196
191, 196
235, 196
239, 196
240, 196
252, 196
264, 196
283, 196
292, 196
3, 197
20, 197
46, 197
71, 197
119, 197
127, 197
135, 197
136, 197
149, 197
152, 197
157, 197
162, 197
185, 197
260, 197
263, 197
273, 197
279, 197
282, 197
293, 197
10, 198
43, 198
50, 198
83, 198
102, 198
130, 198
162, 198
163, 198
172, 198
203, 198
216, 198
225, 198
226, 198
251, 198
253, 198
291, 198
10, 199
15, 199
27, 199
36, 199
43, 199
53, 199
59, 199
91, 199
127, 199
135, 199
162, 199
202, 199
210, 199
221, 199
225, 199
243, 199
251, 199
254, 199
261, 199
282, 199
288, 199
292, 199
298, 199
21, 200
30, 200
93, 200
143, 200
148, 200
150, 200
154, 200
187, 200
196, 200
197, 200
209, 200
223, 200
242, 200
245, 200
280, 200
295, 200
30, 201
64, 201
72, 201
76, 201
90, 201
145, 201
149, 201
169, 201
177, 201
183, 201
217, 201
238, 201
244, 201
273, 201
274, 201
276, 201
289, 201
293, 201
2, 202
26, 202
43, 202
48, 202
57, 202
88, 202
139, 202
140, 202
170, 202
172, 202
180, 202
181, 202
197, 202
220, 202
251, 202
255, 202
260, 202
266, 202
6, 203
23, 203
25, 203
31, 203
48, 203
60, 203
68, 203
75, 203
115, 203
119, 203
127, 203
135, 203
155, 203
165, 203
174, 203
175, 203
183, 203
202, 203
225, 203
226, 203
260, 203
277, 203
35, 204
46, 204
49, 204
80, 204
84, 204
95, 204
111, 204
116, 204
127, 204
155, 204
158, 204
163, 204
170, 204
200, 204
228, 204
263, 204
265, 204
269, 204
271, 204
300, 204
12, 205
29, 205
40, 205
63, 205
99, 205
159, 205
162, 205
179, 205
180, 205
190, 205
200, 205
239, 205
241, 205
256, 205
263, 205
265, 205
293, 205
24, 206
26, 206
30, 206
74, 206
100, 206
107, 206
192, 206
232, 206
233, 206
240, 206
268, 206
274, 206
8, 207
10, 207
11, 207
42, 207
66, 207
69, 207
96, 207
119, 207
125, 207
147, 207
170, 207
194, 207
201, 207
296, 207
17, 208
67, 208
75, 208
84, 208
106, 208
133, 208
150, 208
152, 208
176, 208
193, 208
196, 208
223, 208
254, 208
264, 208
287, 208
9, 209
18, 209
41, 209
76, 209
120, 209
127, 209
139, 209
153, 209
226, 209
248, 209
259, 209
262, 209
263, 209
273, 209
293, 209
38, 210
47, 210
76, 210
82, 210
103, 210
111, 210
112, 210
122, 210
132, 210
161, 210
165, 210
171, 210
211, 210
214, 210
220, 210
242, 210
258, 210
271, 210
274, 210
296, 210
24, 211
45, 211
62, 211
63, 211
101, 211
110, 211
116, 211
123, 211
145, 211
146, 211
166, 211
171, 211
183, 211
208, 211
217, 211
243, 211
283, 211
1, 212
14, 212
49, 212
55, 212
74, 212
85, 212
99, 212
107, 212
127, 212
147, 212
152, 212
176, 212
213, 212
224, 212
241, 212
251, 212
262, 212
269, 212
273, 212
278, 212
289, 212
10, 213
11, 213
19, 213
21, 213
27, 213
32, 213
33, 213
49, 213
88, 213
150, 213
222, 213
236, 213
243, 213
300, 213
1, 214
46, 214
60, 214
69, 214
71, 214
74, 214
91, 214
93, 214
101, 214
105, 214
113, 214
131, 214
133, 214
183, 214
198, 214
218, 214
274, 214
275, 214
288, 214
291, 214
41, 215
76, 215
88, 215
127, 215
129, 215
147, 215
149, 215
162, 215
172, 215
199, 215
200, 215
207, 215
222, 215
235, 215
251, 215
252, 215
269, 215
291, 215
295, 215
3, 216
19, 216
25, 216
38, 216
42, 216
66, 216
79, 216
97, 216
111, 216
120, 216
139, 216
181, 216
188, 216
207, 216
211, 216
226, 216
245, 216
249, 216
297, 216
1, 217
7, 217
22, 217
34, 217
40, 217
41, 217
64, 217
66, 217
70, 217
90, 217
92, 217
134, 217
164, 217
188, 217
194, 217
218, 217
221, 217
223, 217
225, 217
272, 217
274, 217
275, 217
284, 217
289, 217
19, 218
20, 218
72, 218
88, 218
114, 218
115, 218
131, 218
152, 218
174, 218
195, 218
208, 218
251, 218
256, 218
267, 218
279, 218
3, 219
19, 219
28, 219
36, 219
70, 219
76, 219
103, 219
107, 219
150, 219
184, 219
203, 219
204, 219
263, 219
276, 219
296, 219
58, 220
59, 220
96, 220
123, 220
166, 220
167, 220
179, 220
211, 220
225, 220
228, 220
246, 220
250, 220
258, 220
263, 220
272, 220
291, 220
3, 221
7, 221
8, 221
23, 221
119, 221
124, 221
128, 221
152, 221
154, 221
191, 221
204, 221
226, 221
248, 221
255, 221
277, 221
282, 221
299, 221
35, 222
53, 222
63, 222
67, 222
108, 222
109, 222
151, 222
175, 222
196, 222
208, 222
278, 222
282, 222
286, 222
18, 223
79, 223
95, 223
104, 223
124, 223
155, 223
206, 223
231, 223
245, 223
261, 223
275, 223
14, 224
60, 224
61, 224
63, 224
73, 224
114, 224
131, 224
150, 224
168, 224
173, 224
200, 224
212, 224
227, 224
233, 224
257, 224
267, 224
268, 224
273, 224
291, 224
296, 224
19, 225
23, 225
42, 225
68, 225
77, 225
99, 225
127, 225
195, 225
215, 225
238, 225
244, 225
257, 225
259, 225
261, 225
17, 226
18, 226
40, 226
80, 226
105, 226
128, 226
141, 226
156, 226
157, 226
159, 226
170, 226
178, 226
206, 226
257, 226
284, 226
291, 226
31, 227
32, 227
36, 227
54, 227
71, 227
74, 227
100, 227
102, 227
108, 227
175, 227
198, 227
202, 227
285, 227
2, 228
63, 228
86, 228
111, 228
153, 228
191, 228
218, 228
245, 228
249, 228
250, 228
265, 228
272, 228
273, 228
290, 228
291, 228
297, 228
11, 229
22, 229
60, 229
73, 229
74, 229
85, 229
94, 229
174, 229
235, 229
240, 229
281, 229
294, 229
18, 230
75, 230
93, 230
115, 230
120, 230
133, 230
151, 230
160, 230
170, 230
198, 230
225, 230
247, 230
264, 230
279, 230
80, 231
82, 231
83, 231
97, 231
134, 231
181, 231
193, 231
209, 231
241, 231
273, 231
286, 231
299, 231
5, 232
34, 232
36, 232
98, 232
105, 232
138, 232
142, 232
148, 232
240, 232
242, 232
257, 232
281, 232
295, 232
24, 233
31, 233
40, 233
51, 233
80, 233
90, 233
100, 233
106, 233
107, 233
112, 233
122, 233
127, 233
133, 233
141, 233
155, 233
159, 233
176, 233
199, 233
204, 233
223, 233
227, 233
273, 233
275, 233
35, 234
58, 234
130, 234
145, 234
211, 234
215, 234
216, 234
221, 234
227, 234
258, 234
281, 234
283, 234
21, 235
48, 235
69, 235
85, 235
96, 235
99, 235
116, 235
138, 235
156, 235
179, 235
188, 235
194, 235
211, 235
232, 235
238, 235
239, 235
244, 235
256, 235
261, 235
265, 235
281, 235
283, 235
288, 235
296, 235
39, 236
62, 236
68, 236
76, 236
111, 236
115, 236
120, 236
130, 236
233, 236
246, 236
270, 236
83, 237
93, 237
95, 237
109, 237
142, 237
145, 237
150, 237
193, 237
206, 237
231, 237
249, 237
267, 237
291, 237
9, 238
25, 238
54, 238
56, 238
61, 238
69, 238
75, 238
85, 238
109, 238
117, 238
122, 238
126, 238
139, 238
149, 238
160, 238
166, 238
170, 238
171, 238
178, 238
222, 238
225, 238
250, 238
261, 238
276, 238
3, 239
13, 239
25, 239
29, 239
36, 239
46, 239
79, 239
105, 239
117, 239
170, 239
177, 239
183, 239
197, 239
216, 239
231, 239
244, 239
261, 239
295, 239
298, 239
24, 240
50, 240
62, 240
84, 240
110, 240
133, 240
152, 240
156, 240
181, 240
184, 240
217, 240
234, 240
239, 240
281, 240
287, 240
290, 240
5, 241
40, 241
50, 241
54, 241
68, 241
80, 241
83, 241
103, 241
116, 241
165, 241
168, 241
179, 241
183, 241
185, 241
189, 241
221, 241
226, 241
296, 241
25, 242
31, 242
69, 242
114, 242
151, 242
189, 242
196, 242
200, 242
207, 242
238, 242
255, 242
256, 242
291, 242
5, 243
13, 243
18, 243
21, 243
33, 243
53, 243
149, 243
186, 243
205, 243
211, 243
240, 243
276, 243
281, 243
11, 244
22, 244
42, 244
52, 244
121, 244
142, 244
164, 244
194, 244
197, 244
200, 244
209, 244
210, 244
222, 244
278, 244
281, 244
5, 245
34, 245
58, 245
110, 245
144, 245
153, 245
157, 245
188, 245
229, 245
252, 245
259, 245
287, 245
290, 245
292, 245
2, 246
46, 246
49, 246
73, 246
77, 246
99, 246
151, 246
180, 246
184, 246
186, 246
205, 246
206, 246
207, 246
208, 246
227, 246
239, 246
253, 246
258, 246
276, 246
286, 246
1, 247
32, 247
54, 247
107, 247
109, 247
130, 247
132, 247
163, 247
186, 247
228, 247
235, 247
277, 247
286, 247
292, 247
20, 248
30, 248
55, 248
68, 248
104, 248
107, 248
118, 248
139, 248
152, 248
164, 248
183, 248
196, 248
205, 248
215, 248
257, 248
260, 248
15, 249
52, 249
59, 249
123, 249
133, 249
150, 249
178, 249
198, 249
201, 249
205, 249
211, 249
220, 249
241, 249
254, 249
269, 249
275, 249
295, 249
6, 250
27, 250
43, 250
51, 250
52, 250
56, 250
98, 250
105, 250
174, 250
177, 250
263, 250
292, 250
81, 251
116, 251
160, 251
195, 251
199, 251
228, 251
261, 251
264, 251
268, 251
271, 251
13, 252
26, 252
27, 252
34, 252
83, 252
138, 252
201, 252
202, 252
235, 252
248, 252
268, 252
11, 253
21, 253
26, 253
30, 253
42, 253
50, 253
55, 253
71, 253
108, 253
133, 253
135, 253
168, 253
177, 253
189, 253
199, 253
201, 253
208, 253
225, 253
226, 253
231, 253
252, 253
258, 253
262, 253
272, 253
7, 254
88, 254
101, 254
115, 254
121, 254
163, 254
165, 254
185, 254
193, 254
214, 254
239, 254
252, 254
257, 254
263, 254
20, 255
24, 255
28, 255
35, 255
45, 255
62, 255
65, 255
71, 255
79, 255
103, 255
123, 255
126, 255
132, 255
135, 255
145, 255
167, 255
186, 255
205, 255
210, 255
211, 255
215, 255
234, 255
264, 255
15, 256
43, 256
67, 256
143, 256
167, 256
174, 256
179, 256
186, 256
188, 256
204, 256
206, 256
211, 256
212, 256
216, 256
226, 256
241, 256
296, 256
29, 257
46, 257
58, 257
59, 257
65, 257
81, 257
84, 257
92, 257
118, 257
145, 257
175, 257
190, 257
191, 257
215, 257
228, 257
243, 257
244, 257
256, 257
299, 257
9, 258
30, 258
75, 258
78, 258
89, 258
93, 258
94, 258
96, 258
111, 258
129, 258
132, 258
137, 258
158, 258
160, 258
173, 258
198, 258
216, 258
236, 258
243, 258
271, 258
290, 258
3, 259
14, 259
16, 259
31, 259
54, 259
56, 259
77, 259
101, 259
123, 259
135, 259
142, 259
164, 259
172, 259
176, 259
216, 259
220, 259
234, 259
235, 259
243, 259
270, 259
273, 259
284, 259
299, 259
12, 260
14, 260
28, 260
72, 260
82, 260
114, 260
116, 260
133, 260
181, 260
196, 260
199, 260
206, 260
226, 260
227, 260
253, 260
269, 260
278, 260
282, 260
10, 261
11, 261
29, 261
44, 261
46, 261
55, 261
64, 261
71, 261
98, 261
120, 261
122, 261
129, 261
148, 261
156, 261
164, 261
186, 261
187, 261
225, 261
230, 261
231, 261
250, 261
252, 261
270, 261
275, 261
286, 261
289, 261
1, 262
2, 262
16, 262
17, 262
28, 262
37, 262
51, 262
95, 262
96, 262
98, 262
103, 262
105, 262
112, 262
122, 262
129, 262
134, 262
139, 262
180, 262
194, 262
196, 262
242, 262
259, 262
264, 262
19, 263
71, 263
72, 263
82, 263
103, 263
117, 263
122, 263
137, 263
141, 263
192, 263
195, 263
252, 263
262, 263
278, 263
286, 263
291, 263
297, 263
44, 264
49, 264
63, 264
83, 264
85, 264
103, 264
146, 264
193, 264
209, 264
217, 264
237, 264
240, 264
280, 264
281, 264
16, 265
57, 265
79, 265
93, 265
110, 265
129, 265
138, 265
148, 265
164, 265
172, 265
179, 265
193, 265
213, 265
228, 265
242, 265
249, 265
279, 265
2, 266
23, 266
33, 266
82, 266
101, 266
111, 266
122, 266
142, 266
144, 266
152, 266
159, 266
199, 266
208, 266
221, 266
263, 266
269, 266
285, 266
286, 266
7, 267
31, 267
41, 267
53, 267
64, 267
69, 267
82, 267
93, 267
107, 267
141, 267
143, 267
173, 267
175, 267
181, 267
213, 267
226, 267
235, 267
259, 267
270, 267
279, 267
284, 267
285, 267
289, 267
298, 267
39, 268
44, 268
61, 268
116, 268
123, 268
170, 268
185, 268
204, 268
209, 268
225, 268
241, 268
251, 268
261, 268
277, 268
285, 268
288, 268
293, 268
29, 269
40, 269
45, 269
54, 269
56, 269
65, 269
83, 269
104, 269
111, 269
116, 269
155, 269
181, 269
182, 269
232, 269
251, 269
268, 269
282, 269
293, 269
79, 270
103, 270
108, 270
133, 270
166, 270
180, 270
184, 270
202, 270
249, 270
252, 270
263, 270
292, 270
14, 271
21, 271
31, 271
59, 271
78, 271
113, 271
131, 271
176, 271
203, 271
211, 271
227, 271
231, 271
285, 271
298, 271
27, 272
34, 272
44, 272
46, 272
56, 272
60, 272
66, 272
103, 272
117, 272
125, 272
156, 272
161, 272
193, 272
200, 272
212, 272
217, 272
225, 272
241, 272
242, 272
287, 272
25, 273
32, 273
38, 273
42, 273
52, 273
78, 273
89, 273
96, 273
193, 273
198, 273
204, 273
220, 273
233, 273
246, 273
271, 273
287, 273
297, 273
298, 273
19, 274
25, 274
27, 274
42, 274
44, 274
85, 274
87, 274
102, 274
106, 274
115, 274
138, 274
152, 274
164, 274
184, 274
188, 274
199, 274
202, 274
206, 274
218, 274
234, 274
260, 274
276, 274
22, 275
23, 275
39, 275
45, 275
55, 275
109, 275
116, 275
119, 275
146, 275
152, 275
168, 275
170, 275
172, 275
204, 275
238, 275
251, 275
262, 275
292, 275
300, 275
18, 276
34, 276
48, 276
76, 276
77, 276
84, 276
99, 276
120, 276
131, 276
135, 276
141, 276
148, 276
217, 276
242, 276
257, 276
283, 276
44, 277
47, 277
48, 277
68, 277
113, 277
126, 277
131, 277
132, 277
163, 277
185, 277
186, 277
187, 277
195, 277
231, 277
241, 277
267, 277
288, 277
290, 277
299, 277
39, 278
95, 278
104, 278
155, 278
185, 278
189, 278
200, 278
218, 278
221, 278
230, 278
235, 278
243, 278
244, 278
250, 278
274, 278
285, 278
295, 278
297, 278
45, 279
48, 279
52, 279
87, 279
94, 279
98, 279
114, 279
120, 279
131, 279
136, 279
137, 279
157, 279
189, 279
209, 279
233, 279
269, 279
290, 279
1, 280
3, 280
11, 280
22, 280
40, 280
79, 280
143, 280
166, 280
169, 280
177, 280
183, 280
188, 280
191, 280
201, 280
202, 280
206, 280
231, 280
247, 280
251, 280
284, 280
300, 280
3, 281
8, 281
29, 281
49, 281
50, 281
58, 281
63, 281
146, 281
150, 281
202, 281
232, 281
235, 281
253, 281
264, 281
269, 281
289, 281
22, 282
46, 282
51, 282
67, 282
104, 282
113, 282
115, 282
127, 282
131, 282
182, 282
194, 282
197, 282
212, 282
258, 282
276, 282
1, 283
39, 283
47, 283
53, 283
56, 283
64, 283
77, 283
105, 283
175, 283
186, 283
208, 283
210, 283
219, 283
225, 283
237, 283
241, 283
257, 283
267, 283
271, 283
289, 283
292, 283
2, 284
12, 284
24, 284
63, 284
68, 284
78, 284
85, 284
93, 284
131, 284
152, 284
177, 284
208, 284
225, 284
242, 284
256, 284
275, 284
30, 285
46, 285
69, 285
78, 285
100, 285
132, 285
136, 285
165, 285
180, 285
185, 285
204, 285
241, 285
242, 285
244, 285
257, 285
279, 285
36, 286
43, 286
53, 286
73, 286
93, 286
99, 286
117, 286
128, 286
141, 286
161, 286
167, 286
180, 286
181, 286
187, 286
202, 286
226, 286
251, 286
277, 286
294, 286
298, 286
8, 287
14, 287
22, 287
57, 287
73, 287
101, 287
108, 287
123, 287
127, 287
133, 287
171, 287
176, 287
188, 287
191, 287
235, 287
252, 287
24, 288
55, 288
67, 288
72, 288
82, 288
92, 288
99, 288
107, 288
112, 288
120, 288
132, 288
136, 288
145, 288
152, 288
165, 288
266, 288
2, 289
5, 289
26, 289
37, 289
44, 289
57, 289
63, 289
107, 289
123, 289
159, 289
191, 289
195, 289
208, 289
246, 289
252, 289
1, 290
4, 290
8, 290
31, 290
105, 290
167, 290
168, 290
192, 290
197, 290
202, 290
217, 290
240, 290
257, 290
265, 290
4, 291
24, 291
50, 291
73, 291
84, 291
105, 291
110, 291
122, 291
140, 291
142, 291
152, 291
156, 291
158, 291
167, 291
181, 291
198, 291
224, 291
226, 291
248, 291
254, 291
278, 291
281, 291
292, 291
1, 292
12, 292
61, 292
81, 292
107, 292
136, 292
152, 292
157, 292
162, 292
213, 292
232, 292
238, 292
253, 292
265, 292
286, 292
38, 293
85, 293
90, 293
94, 293
147, 293
157, 293
175, 293
177, 293
195, 293
219, 293
235, 293
244, 293
280, 293
295, 293
4, 294
77, 294
95, 294
112, 294
184, 294
238, 294
249, 294
280, 294
1, 295
2, 295
31, 295
59, 295
81, 295
93, 295
122, 295
155, 295
165, 295
209, 295
234, 295
267, 295
286, 295
12, 296
22, 296
24, 296
46, 296
80, 296
82, 296
106, 296
118, 296
146, 296
173, 296
178, 296
182, 296
203, 296
250, 296
259, 296
292, 296
1, 297
22, 297
24, 297
76, 297
85, 297
135, 297
143, 297
149, 297
152, 297
153, 297
154, 297
183, 297
196, 297
205, 297
226, 297
277, 297
8, 298
11, 298
19, 298
28, 298
62, 298
88, 298
97, 298
98, 298
127, 298
140, 298
162, 298
206, 298
208, 298
236, 298
246, 298
279, 298
41, 299
63, 299
66, 299
81, 299
83, 299
87, 299
94, 299
123, 299
155, 299
216, 299
220, 299
238, 299
262, 299
263, 299
274, 299
295, 299
88, 300
114, 300
123, 300
125, 300
183, 300
194, 300
199, 300
212, 300
228, 300
233, 300
250, 300
262, 300
264, 300
289, 300
295, 300
