user_id; user_follows; user_followers
1; [3, 13, 15, 25, 51, 94, 126, 129, 130, 141, 162, 169, 173, 183, 184, 192, 212, 214, 217, 247, 262, 280, 283, 290, 292, 295, 297]; [18, 19, 23, 26, 48, 58, 96, 119, 129, 163, 169, 180, 187, 188, 194, 211, 237, 245, 257, 279, 292]
2; [16, 51, 75, 82, 85, 110, 117, 154, 173, 187, 202, 228, 246, 262, 266, 284, 289, 295]; [16, 17, 24, 51, 58, 74, 90, 123, 130, 133, 194, 212, 218, 221, 262, 273, 289]
3; [5, 26, 30, 44, 72, 83, 118, 150, 156, 161, 197, 216, 219, 221, 239, 259, 280, 281]; [1, 4, 12, 21, 44, 46, 75, 110, 115, 147, 171, 190, 219, 223, 228, 235, 248, 258, 268, 282, 285, 287, 299]
4; [3, 18, 21, 64, 66, 76, 101, 123, 156, 159, 164, 172, 188, 290, 291, 294]; [12, 20, 28, 31, 56, 59, 88, 101, 148, 153, 155, 178, 199, 208, 215, 259, 300]
5; [23, 31, 63, 71, 92, 98, 126, 132, 140, 149, 150, 160, 164, 167, 183, 232, 241, 243, 245, 289]; [3, 52, 70, 73, 78, 85, 101, 188, 198, 220, 237, 241, 246, 248, 281, 298]
6; [19, 53, 57, 61, 73, 77, 164, 174, 177, 203, 250]; [7, 8, 47, 54, 57, 111, 151, 155, 156, 166, 184, 246, 251, 271, 279]
7; [6, 12, 20, 33, 78, 141, 150, 159, 194, 217, 221, 254, 267]; [46, 50, 68, 89, 96, 103, 120, 148, 155, 166, 189, 190, 192, 209, 212, 238, 244, 252, 256, 276, 286, 291, 292, 300]
8; [6, 18, 28, 69, 74, 93, 102, 103, 104, 117, 145, 162, 174, 179, 188, 207, 221, 281, 287, 290, 298]; [11, 21, 33, 48, 52, 61, 99, 112, 123, 131, 149, 153, 208, 227, 236, 241, 250, 253, 273]
9; [51, 57, 68, 88, 97, 126, 128, 130, 155, 196, 209, 238, 258]; [14, 23, 39, 65, 69, 81, 83, 96, 119, 133, 159, 166, 211, 226, 227, 233, 263, 281, 291, 299]
10; [88, 100, 146, 156, 198, 199, 207, 213, 261]; [11, 27, 31, 70, 84, 87, 99, 116, 124, 127, 132, 135, 199, 234, 236, 238, 241, 251, 257, 267, 271, 281, 292, 296]
11; [8, 10, 43, 67, 68, 75, 89, 97, 110, 127, 130, 138, 144, 149, 175, 180, 207, 213, 229, 244, 253, 261, 280, 298]; [22, 47, 66, 83, 101, 106, 111, 145, 149, 156, 160, 166, 168, 183, 186, 193, 195, 212, 216, 223, 243, 273]
12; [3, 4, 13, 50, 58, 92, 94, 96, 117, 131, 133, 146, 148, 177, 205, 260, 284, 292, 296]; [7, 23, 53, 104, 111, 117, 148, 172, 173, 186, 190, 227, 233, 249, 256, 264, 265]
13; [47, 55, 60, 72, 84, 109, 121, 126, 140, 161, 169, 190, 239, 243, 252]; [1, 12, 19, 47, 50, 63, 64, 68, 73, 82, 92, 95, 116, 191, 212, 217, 263, 283]
14; [9, 29, 33, 91, 98, 149, 158, 172, 180, 192, 212, 224, 259, 260, 271, 287]; [35, 40, 50, 54, 75, 78, 84, 89, 90, 102, 110, 120, 135, 287, 289, 299]
15; [21, 63, 83, 93, 99, 154, 161, 170, 173, 182, 188, 199, 249, 256]; [1, 30, 35, 38, 61, 67, 78, 80, 105, 110, 112, 137, 174, 184, 198, 213, 232]
16; [2, 23, 24, 69, 72, 113, 114, 159, 165, 169, 185, 259, 262, 265]; [2, 40, 96, 113, 148, 185, 205, 210]
17; [2, 25, 56, 58, 83, 85, 107, 108, 153, 170, 174, 182, 208, 226, 262]; [41, 45, 115, 153, 182, 183, 185, 196, 199, 200, 209, 220, 228, 239, 261, 280, 286, 293, 299]
18; [1, 59, 135, 146, 163, 168, 169, 170, 189, 192, 209, 223, 226, 230, 243, 276]; [4, 8, 40, 76, 88, 125, 168, 170, 180, 181, 226, 229, 236, 238, 263, 300]
19; [1, 13, 25, 34, 84, 85, 88, 121, 124, 148, 153, 213, 216, 218, 219, 225, 263, 274, 298]; [6, 22, 32, 53, 65, 75, 89, 131, 158, 171, 182, 184, 188, 190, 195, 260, 272, 282]
20; [4, 28, 48, 69, 70, 72, 84, 100, 103, 118, 133, 143, 173, 178, 193, 194, 197, 218, 248, 255]; [7, 25, 95, 105, 113, 143, 147, 156, 167, 174, 179, 195, 197, 200, 219, 250, 251, 271]
21; [3, 8, 38, 46, 66, 97, 132, 149, 157, 159, 168, 187, 200, 213, 235, 243, 253, 271]; [4, 15, 38, 91, 122, 168, 169, 175, 201, 206, 210, 235, 240, 297]
22; [11, 19, 60, 68, 81, 89, 91, 92, 115, 120, 128, 137, 141, 155, 182, 217, 229, 244, 275, 280, 282, 287, 296, 297]; [23, 29, 38, 84, 96, 109, 120, 184, 203, 211, 239, 262, 283]
23; [1, 9, 12, 22, 34, 39, 43, 75, 82, 94, 108, 135, 167, 172, 203, 221, 225, 266, 275]; [5, 16, 148, 201, 206, 225, 244, 248, 265, 297]
24; [2, 61, 94, 132, 137, 150, 161, 174, 190, 206, 211, 233, 240, 255, 284, 288, 291, 296, 297]; [16, 31, 41, 42, 52, 67, 95, 128, 173, 184, 191, 200, 202, 210, 218, 239]
25; [20, 39, 40, 58, 123, 135, 155, 179, 203, 216, 238, 239, 242, 273, 274]; [1, 17, 19, 61, 84, 119, 120, 146, 159, 181, 189, 215, 222, 231, 252, 257]
26; [1, 49, 114, 138, 143, 154, 163, 185, 193, 194, 202, 206, 252, 253, 289]; [3, 38, 39, 73, 114, 116, 124, 145, 151, 166, 259, 276, 277, 293]
27; [10, 36, 44, 57, 99, 130, 135, 142, 154, 166, 172, 199, 213, 250, 252, 272, 274]; [56, 74, 81, 82, 106, 123, 156, 161, 169, 176, 200, 204, 207, 213, 223, 231, 238, 242, 243, 285, 296, 300]
28; [4, 103, 108, 118, 133, 137, 172, 177, 219, 255, 260, 262, 298]; [8, 20, 43, 62, 99, 108, 153, 160, 190, 202, 236, 250, 262, 299]
29; [22, 31, 33, 39, 87, 104, 132, 150, 158, 178, 179, 205, 239, 257, 261, 269, 281]; [14, 41, 49, 68, 76, 105, 118, 131, 174, 201, 228, 235, 236, 257, 266, 284]
30; [15, 37, 48, 91, 101, 147, 148, 166, 171, 183, 200, 201, 206, 248, 253, 258, 285]; [3, 56, 90, 95, 126, 140, 167, 181, 256, 268, 272, 285]
31; [4, 10, 24, 38, 152, 168, 203, 227, 233, 242, 259, 267, 271, 290, 295]; [5, 29, 46, 47, 49, 52, 60, 89, 106, 112, 159, 166, 179, 185, 187, 203, 212, 244, 264, 278, 285, 290]
32; [19, 41, 42, 71, 95, 147, 150, 154, 157, 177, 178, 182, 213, 227, 247, 273]; [34, 35, 44, 69, 74, 96, 107, 124, 149, 154, 165, 166, 167, 176, 209, 270, 294, 299]
33; [8, 46, 58, 61, 80, 86, 124, 128, 140, 184, 193, 213, 243, 266]; [7, 14, 29, 35, 55, 67, 83, 85, 90, 130, 139, 154, 168, 175, 179, 184, 195, 198, 232, 282]
34; [32, 46, 52, 104, 131, 138, 184, 187, 191, 217, 232, 245, 252, 272, 276]; [19, 23, 45, 48, 49, 66, 87, 143, 154, 157, 175, 191, 203, 219, 250, 280, 299]
35; [14, 15, 32, 33, 55, 81, 90, 98, 110, 117, 120, 173, 180, 183, 184, 204, 222, 234, 255]; [61, 115, 148, 153, 158, 198, 211, 236, 259, 280, 283]
36; [42, 44, 68, 72, 90, 91, 117, 126, 127, 139, 167, 189, 199, 219, 227, 232, 239, 286]; [27, 42, 54, 63, 91, 112, 113, 140, 144, 165, 181, 196, 197, 219, 245, 253, 280]
37; [54, 81, 167, 262, 289]; [30, 47, 95, 98, 106, 116, 133, 150, 156, 167, 169, 193, 215, 250, 251, 252]
38; [15, 21, 22, 26, 43, 61, 64, 92, 97, 137, 162, 210, 216, 273, 293]; [21, 31, 44, 67, 83, 99, 114, 144, 158, 165, 189, 192, 211, 212, 240, 246, 251, 285, 287, 295]
39; [9, 26, 60, 97, 151, 161, 177, 236, 268, 275, 278, 283]; [23, 25, 29, 47, 50, 52, 53, 67, 70, 102, 139, 154, 159, 160, 169, 187, 192, 215, 249, 272, 291]
40; [14, 16, 18, 52, 75, 84, 130, 140, 165, 193, 205, 217, 226, 233, 241, 269, 280]; [25, 83, 84, 86, 104, 109, 125, 134, 139, 141, 148, 186, 207, 223, 232, 265, 269, 283]
41; [17, 24, 29, 58, 104, 108, 109, 127, 146, 177, 178, 209, 215, 217, 267, 299]; [32, 56, 67, 74, 80, 81, 88, 106, 204, 234, 242, 246, 264, 289, 293, 295]
42; [24, 36, 79, 99, 146, 165, 189, 195, 207, 216, 225, 244, 253, 273, 274]; [32, 36, 43, 51, 66, 82, 95, 120, 128, 157, 174, 184, 194, 214, 216, 219, 286]
43; [28, 42, 54, 65, 69, 77, 99, 164, 165, 198, 199, 202, 250, 256, 286]; [11, 23, 38, 58, 60, 67, 72, 75, 83, 107, 115, 139, 150, 182, 186, 188, 198, 218, 219, 240, 290, 295, 300]
44; [3, 32, 38, 73, 86, 122, 148, 165, 183, 261, 264, 268, 272, 274, 277, 289]; [3, 27, 36, 62, 64, 81, 84, 87, 109, 132, 167, 186, 212, 216, 249, 259, 272, 282, 286]
45; [17, 34, 69, 85, 102, 108, 122, 155, 164, 190, 211, 255, 269, 275, 279]; [48, 80, 146, 178]
46; [3, 7, 31, 59, 100, 113, 115, 125, 162, 178, 197, 204, 214, 239, 246, 257, 261, 272, 282, 285, 296]; [21, 33, 34, 53, 56, 85, 106, 110, 134, 150, 152, 160, 162, 181, 198, 210, 211, 226, 246, 260, 270, 294]
47; [6, 11, 13, 31, 37, 39, 91, 102, 103, 113, 124, 138, 142, 151, 210, 277, 283]; [13, 50, 54, 72, 101, 107, 110, 141, 171, 177, 194, 209, 254, 261, 275]
48; [1, 8, 34, 45, 59, 78, 124, 162, 202, 203, 235, 276, 277, 279]; [20, 30, 50, 54, 64, 76, 79, 97, 108, 112, 146, 160, 169, 207, 236, 237, 273, 289]
49; [29, 31, 34, 82, 85, 116, 147, 169, 204, 212, 213, 246, 264, 281]; [26, 53, 67, 81, 88, 126, 127, 154, 159, 171, 180, 181, 185, 192, 202, 230, 239, 243, 254, 290]
50; [7, 13, 14, 39, 47, 48, 56, 65, 126, 130, 144, 148, 169, 198, 240, 241, 253, 281, 291]; [12, 56, 70, 87, 112, 113, 167, 169, 181, 204, 241, 250, 281, 295]
51; [2, 42, 52, 93, 95, 129, 134, 137, 168, 182, 187, 233, 250, 262, 282]; [1, 2, 9, 64, 67, 97, 136, 168, 172, 208, 232, 248, 257, 282, 286]
52; [5, 8, 24, 31, 39, 61, 66, 71, 115, 124, 127, 143, 165, 187, 244, 249, 250, 273, 279]; [34, 40, 51, 100, 105, 120, 139, 146, 158, 165, 169, 192, 227, 261, 262, 263, 282, 299]
53; [12, 19, 39, 46, 49, 63, 81, 99, 102, 104, 114, 133, 136, 138, 158, 173, 183, 190, 199, 222, 243, 267, 283, 286]; [6, 64, 89, 105, 110, 129, 144, 152, 179, 183, 194, 238, 241, 242, 292, 295, 300]
54; [6, 14, 36, 47, 48, 60, 61, 83, 107, 114, 137, 143, 180, 186, 194, 227, 238, 241, 247, 259, 269]; [37, 43, 73, 76, 99, 107, 151, 154, 167, 189, 199, 231, 288, 295, 296]
55; [33, 82, 104, 175, 212, 248, 253, 261, 275, 288]; [13, 35, 82, 101, 112, 118, 133, 139, 142, 151, 170, 181, 194, 214, 264, 287, 294]
56; [4, 27, 30, 41, 46, 50, 72, 93, 126, 128, 135, 138, 174, 185, 191, 238, 250, 259, 269, 272, 283]; [17, 50, 60, 89, 97, 100, 135, 144, 145, 149, 160, 163, 166, 182, 204, 214, 235, 247, 294]
57; [6, 63, 83, 93, 117, 124, 137, 151, 160, 173, 182, 193, 202, 265, 287, 289]; [6, 9, 27, 91, 100, 103, 105, 111, 150, 162, 189, 192, 207, 219, 223, 262, 268, 274]
58; [1, 2, 43, 64, 94, 101, 107, 108, 220, 234, 245, 257, 281]; [12, 17, 25, 33, 41, 78, 87, 106, 159, 164, 178, 200, 201, 209, 213, 243, 263, 264]
59; [4, 73, 74, 77, 97, 100, 171, 194, 199, 220, 249, 257, 271, 295]; [18, 46, 48, 77, 90, 107, 128, 133, 156, 185]
60; [31, 43, 56, 76, 77, 86, 135, 148, 151, 157, 203, 214, 224, 229, 272]; [13, 22, 39, 54, 73, 88, 97, 116, 133, 138, 164, 180, 203, 233, 252, 260, 290, 295]
61; [8, 15, 25, 35, 114, 127, 145, 146, 149, 187, 195, 224, 238, 268, 292]; [6, 24, 33, 38, 52, 54, 70, 96, 101, 102, 107, 136, 140, 145, 146, 156, 159, 217, 222, 271]
62; [28, 44, 67, 98, 108, 152, 155, 170, 171, 187, 188, 211, 236, 240, 255, 298]; [64, 86, 109, 118, 161, 171, 205, 243, 252, 275, 286]
63; [13, 36, 67, 88, 94, 96, 97, 99, 113, 117, 137, 170, 180, 205, 211, 222, 224, 228, 264, 281, 284, 289, 299]; [5, 15, 53, 57, 132, 197, 201, 234, 266, 271]
64; [13, 44, 48, 51, 53, 62, 66, 71, 93, 102, 116, 132, 139, 150, 182, 201, 217, 261, 267, 283]; [4, 38, 58, 67, 73, 129, 143, 146, 160, 185, 191, 204, 212, 216, 226, 233, 259, 279]
65; [9, 19, 67, 73, 105, 139, 147, 150, 255, 257, 269]; [43, 50, 66, 71, 94, 101, 104, 133, 138, 143, 217, 221, 224, 258, 262, 271, 272, 273]
66; [11, 34, 42, 65, 79, 83, 86, 101, 113, 120, 126, 130, 207, 216, 217, 272, 299]; [4, 21, 52, 64, 93, 100, 142, 163, 183, 233, 234, 281, 291, 296]
67; [15, 24, 33, 38, 39, 41, 43, 49, 51, 64, 90, 92, 131, 135, 160, 190, 208, 222, 256, 282, 288]; [11, 62, 63, 65, 79, 90, 120, 141, 155, 164, 174, 187, 209, 230, 251, 252]
68; [7, 13, 29, 102, 123, 134, 141, 144, 145, 179, 180, 194, 203, 225, 236, 241, 248, 277, 284]; [9, 11, 22, 36, 72, 75, 100, 102, 111, 117, 118, 119, 129, 132, 164, 175, 181, 186, 218, 221, 299]
69; [9, 32, 89, 98, 147, 175, 177, 207, 214, 235, 238, 242, 267, 285]; [8, 16, 20, 43, 45, 115, 129, 131, 172, 179, 227, 230, 249, 267, 283]
70; [5, 10, 39, 50, 61, 82, 94, 125, 128, 138, 147, 152, 217, 219]; [20, 87, 94, 98, 101, 185, 188, 195, 264, 266, 285]
71; [65, 74, 91, 106, 108, 121, 143, 161, 180, 183, 187, 197, 214, 227, 253, 255, 261, 263]; [5, 32, 52, 64, 82, 83, 108, 109, 151, 168, 174, 178, 187, 208, 244, 265, 299]
72; [43, 47, 68, 76, 77, 100, 109, 115, 124, 170, 193, 201, 218, 260, 263, 288]; [3, 13, 16, 20, 36, 56, 148, 153, 178, 240, 249, 265, 300]
73; [5, 13, 26, 54, 60, 64, 79, 159, 168, 181, 224, 229, 246, 286, 287, 291]; [6, 44, 59, 65, 84, 139, 162, 167, 208, 213, 231, 268, 281]
74; [2, 27, 32, 41, 92, 107, 147, 153, 166, 206, 212, 214, 227, 229]; [8, 59, 71, 77, 81, 83, 88, 133, 187, 217, 245, 255, 268, 274, 279, 288, 290]
75; [3, 14, 19, 43, 68, 114, 119, 126, 165, 169, 191, 203, 208, 230, 238, 258]; [2, 11, 23, 40, 106, 113, 123, 126, 127, 201, 209, 241, 250, 274, 283, 287]
76; [18, 29, 48, 54, 103, 148, 163, 170, 201, 209, 210, 215, 219, 236, 276, 297]; [4, 60, 72, 80, 96, 99, 127, 155, 221, 225, 275, 281]
77; [59, 74, 80, 128, 132, 139, 143, 145, 153, 177, 184, 196, 225, 246, 259, 276, 283, 294]; [6, 43, 59, 60, 72, 111, 185, 192, 210, 227, 296]
78; [5, 14, 15, 58, 84, 139, 165, 169, 177, 186, 258, 271, 273, 284, 285]; [7, 48, 121, 123, 161, 192, 193, 210, 231, 243, 259, 272]
79; [48, 67, 84, 129, 130, 138, 145, 160, 171, 216, 223, 239, 255, 265, 270, 280]; [42, 66, 73, 84, 86, 116, 117, 146, 177, 184, 199, 201, 240, 254, 277, 278]
80; [15, 41, 45, 76, 87, 93, 95, 97, 112, 136, 175, 180, 187, 204, 226, 231, 233, 241, 296]; [33, 77, 95, 123, 125, 130, 135, 205, 251, 275, 284]
81; [9, 27, 41, 44, 49, 74, 82, 83, 115, 118, 119, 137, 150, 184, 191, 251, 257, 292, 295, 299]; [22, 35, 37, 53, 86, 110, 155, 165, 172, 178, 204, 253, 256, 258, 278, 279, 300]
82; [13, 27, 42, 55, 71, 87, 105, 175, 194, 210, 231, 260, 263, 266, 267, 288, 296]; [2, 23, 49, 55, 70, 81, 134, 148, 150, 198, 231, 293]
83; [9, 11, 33, 38, 40, 43, 71, 74, 91, 100, 121, 125, 168, 192, 198, 231, 237, 241, 252, 264, 269, 299]; [3, 15, 17, 54, 57, 66, 81, 97, 99, 125, 137, 145, 149, 150, 161, 172, 243, 265, 278]
84; [10, 14, 22, 25, 40, 44, 73, 79, 89, 116, 136, 150, 204, 208, 240, 257, 276, 291]; [13, 19, 20, 40, 78, 79, 95, 128, 129, 134, 148, 149, 159, 173, 184, 209, 215, 240, 250, 255, 273, 289, 296]
85; [5, 33, 46, 92, 94, 109, 122, 130, 134, 142, 212, 229, 235, 238, 264, 274, 284, 293, 297]; [2, 17, 19, 45, 49, 86, 151, 177, 188, 203, 209, 243, 248]
86; [40, 62, 79, 81, 85, 89, 93, 106, 110, 121, 146, 159, 163, 176, 181, 195, 228]; [33, 44, 60, 66, 100, 115, 125, 137, 142, 144, 150, 159, 178, 179, 187, 266, 278, 280, 295]
87; [10, 34, 44, 50, 58, 70, 124, 143, 188, 274, 279, 299]; [29, 80, 82, 89, 127, 153, 155, 176, 221, 226, 230, 235, 240, 286, 292, 297]
88; [4, 18, 41, 49, 60, 74, 104, 117, 142, 145, 180, 181, 202, 213, 215, 218, 254, 298, 300]; [9, 10, 19, 63, 120, 138, 165, 179, 225, 226, 255, 284, 297]
89; [7, 14, 19, 31, 53, 56, 87, 94, 154, 184, 258, 273]; [11, 22, 69, 84, 86, 98, 112, 130, 160, 191, 208, 238, 252, 259]
90; [2, 14, 30, 33, 59, 67, 119, 130, 157, 201, 217, 233, 293]; [35, 36, 67, 122, 126, 127, 130, 181, 209, 216, 239, 245, 253, 261, 265]
91; [21, 36, 57, 115, 127, 134, 151, 157, 180, 199, 214]; [14, 22, 30, 36, 47, 71, 83, 101, 103, 110, 164, 166, 172, 196, 218, 248, 259, 272]
92; [13, 121, 180, 184, 217, 257, 288]; [5, 12, 22, 38, 67, 74, 85, 100, 212, 229, 235, 239, 244, 279, 292]
93; [66, 96, 99, 102, 162, 200, 214, 230, 237, 258, 265, 267, 284, 286, 295]; [8, 15, 51, 56, 57, 64, 80, 86, 106, 112, 114, 126, 131, 132, 182, 197, 213, 234, 237, 250, 254, 274, 286]
94; [65, 70, 106, 108, 120, 124, 229, 258, 279, 293, 299]; [1, 12, 23, 24, 58, 63, 70, 85, 89, 112, 119, 126, 133, 151, 214, 260, 288]
95; [13, 20, 24, 30, 37, 42, 80, 84, 111, 116, 131, 133, 140, 181, 204, 223, 237, 262, 278, 294]; [32, 51, 80, 165, 171, 184, 279]
96; [1, 7, 9, 16, 22, 32, 61, 76, 105, 119, 170, 196, 207, 220, 235, 258, 262, 273]; [12, 63, 93, 103, 122, 124, 135, 143, 148, 164, 171, 261, 295, 298]
97; [48, 51, 56, 60, 83, 120, 127, 136, 147, 148, 171, 192, 216, 231, 298]; [9, 11, 21, 38, 39, 59, 63, 80, 99, 132, 147, 158, 159, 161, 185, 188, 192, 197, 205, 214, 215]
98; [37, 70, 89, 101, 107, 111, 133, 135, 153, 165, 182, 232, 250, 261, 262, 279, 298]; [5, 14, 35, 62, 69, 113, 165, 215, 216, 227, 273, 277]
99; [8, 10, 28, 38, 54, 76, 83, 97, 105, 155, 176, 191, 205, 212, 225, 235, 246, 276, 286, 288]; [15, 27, 42, 43, 53, 63, 93, 101, 102, 104, 122, 126, 153, 157, 169, 171, 203, 207, 281, 293]
100; [52, 56, 57, 66, 68, 86, 92, 144, 176, 179, 186, 206, 227, 233, 285]; [10, 20, 46, 59, 72, 83, 109, 111, 117, 118, 124, 128, 145, 150, 153, 172, 177, 189, 194, 216, 225, 240, 258, 272, 294]
101; [4, 5, 11, 47, 55, 61, 65, 70, 91, 99, 104, 133, 154, 157, 179, 211, 214, 254, 259, 266, 287]; [4, 30, 58, 66, 98, 169, 209, 223, 231, 247, 253, 286, 287, 289]
102; [14, 39, 61, 68, 99, 109, 189, 198, 227, 274]; [8, 45, 47, 53, 64, 68, 93, 109, 122, 150, 152, 154, 170, 203, 273, 276, 282, 285, 286]
103; [7, 57, 91, 96, 107, 121, 163, 164, 168, 176, 210, 219, 241, 255, 262, 263, 264, 270, 272]; [8, 20, 28, 47, 76, 107, 115, 119, 126, 149, 228, 236, 254, 260, 290]
104; [12, 40, 65, 99, 105, 112, 122, 136, 154, 161, 181, 182, 190, 195, 223, 248, 269, 278, 282]; [8, 29, 34, 41, 53, 55, 88, 101, 142, 143, 194, 210, 212, 215, 221, 225, 234, 253, 263]
105; [15, 20, 29, 52, 53, 57, 137, 181, 195, 214, 226, 232, 239, 250, 262, 283, 290, 291]; [65, 82, 96, 99, 104, 121, 130, 156, 175, 188, 212, 218, 246, 250, 261, 282, 298]
106; [11, 27, 31, 37, 41, 46, 58, 75, 93, 119, 151, 165, 190, 208, 233, 274, 296]; [71, 86, 94, 111, 138, 156, 188]
107; [32, 43, 47, 54, 59, 61, 103, 114, 131, 133, 170, 172, 177, 196, 206, 212, 219, 233, 247, 248, 267, 288, 289, 292]; [17, 54, 58, 74, 98, 103, 130, 140, 167, 178, 181, 182, 199, 200, 201, 234, 239, 244, 286]
108; [28, 48, 71, 138, 143, 180, 222, 227, 253, 270, 287]; [17, 23, 28, 41, 45, 58, 62, 71, 94, 154, 173, 176, 180, 182, 189, 194, 231, 232, 287, 290]
109; [22, 40, 44, 62, 71, 100, 102, 145, 152, 181, 222, 237, 238, 247, 275]; [13, 41, 72, 85, 102, 129, 144, 194, 218, 243, 262, 272, 282, 299]
110; [3, 14, 15, 46, 47, 53, 81, 91, 114, 156, 167, 177, 185, 211, 240, 245, 265, 291]; [2, 11, 35, 86, 112, 136, 140, 158, 159, 165, 166, 168, 230, 263, 273, 279, 280, 291, 299]
111; [6, 11, 12, 57, 68, 77, 100, 106, 112, 126, 178, 204, 210, 216, 228, 236, 258, 266, 269]; [95, 98, 156, 177, 181, 182, 187, 190, 196, 212, 229, 246, 259, 268]
112; [8, 15, 31, 36, 48, 50, 55, 89, 93, 94, 110, 114, 125, 129, 139, 144, 210, 233, 262, 288, 294]; [80, 104, 111, 184, 243, 268, 271, 278, 279, 286, 290, 291]
113; [16, 20, 36, 50, 75, 98, 132, 133, 143, 176, 214, 271, 277, 282]; [16, 46, 47, 63, 66, 143, 151, 196, 198, 201, 208, 219, 233, 247, 248, 294, 299]
114; [26, 38, 93, 135, 143, 150, 153, 170, 181, 189, 218, 224, 242, 260, 279, 300]; [16, 26, 53, 54, 61, 75, 107, 110, 112, 162, 247, 261, 297]
115; [3, 17, 35, 43, 69, 86, 103, 117, 140, 144, 169, 171, 174, 203, 218, 230, 236, 254, 274, 282]; [22, 46, 52, 72, 81, 91, 119, 126, 163, 195, 196, 207, 217, 278, 281]
116; [10, 13, 26, 37, 60, 79, 137, 145, 146, 158, 162, 190, 193, 204, 211, 235, 241, 251, 260, 268, 269, 275]; [49, 64, 84, 95, 161, 179, 182, 202, 218, 237, 238, 249, 264, 268, 295]
117; [12, 68, 79, 100, 135, 143, 173, 179, 196, 238, 239, 263, 272, 286]; [2, 8, 12, 35, 36, 57, 63, 88, 115, 127, 128, 142, 172, 181, 221, 228, 256, 296, 298]
118; [29, 55, 62, 68, 100, 124, 154, 182, 183, 191, 248, 257, 296]; [3, 20, 28, 81, 135, 148, 151, 158, 196, 215, 262, 279, 286]
119; [1, 9, 25, 68, 94, 103, 115, 135, 139, 160, 161, 162, 175, 176, 196, 197, 203, 207, 221, 275]; [75, 81, 90, 96, 106, 140, 151, 169, 180, 200, 203, 234, 237, 268, 271, 283]
120; [7, 14, 22, 25, 42, 52, 67, 88, 129, 134, 139, 163, 164, 173, 180, 187, 190, 194, 209, 216, 230, 236, 261, 276, 279, 288]; [22, 35, 66, 94, 97, 128, 201, 203, 207, 213, 224, 249]
121; [78, 105, 137, 139, 159, 168, 244, 254]; [13, 19, 71, 83, 86, 92, 103, 141, 183, 194, 199, 259, 270, 300]
122; [21, 90, 96, 99, 102, 145, 155, 157, 190, 193, 195, 210, 233, 238, 261, 262, 263, 266, 291, 295]; [44, 45, 85, 104, 132, 139, 141, 157, 190, 204, 210, 213, 218, 219, 231, 295, 296, 300]
123; [2, 8, 27, 75, 78, 80, 129, 138, 177, 182, 211, 220, 249, 255, 259, 268, 287, 289, 299, 300]; [4, 25, 68, 147, 150, 158, 170, 178, 200, 231, 243, 263]
124; [10, 26, 32, 96, 100, 133, 152, 165, 167, 184, 186, 193, 221, 223]; [19, 33, 47, 48, 52, 57, 72, 87, 94, 118, 159, 227, 246, 282, 289, 300]
125; [18, 40, 80, 83, 86, 132, 163, 184, 207, 272, 300]; [46, 70, 83, 112, 128, 144, 209, 221, 224, 248, 252, 256, 295]
126; [30, 49, 75, 90, 93, 94, 99, 103, 115, 130, 140, 147, 187, 238, 255, 277]; [1, 5, 9, 13, 36, 50, 56, 66, 75, 111, 162, 188, 189, 207, 211, 212, 216, 218, 241, 253, 255, 283, 290, 296]
127; [10, 49, 75, 76, 87, 90, 117, 130, 134, 158, 160, 197, 199, 203, 204, 209, 212, 215, 225, 233, 282, 287, 298]; [11, 36, 41, 52, 61, 91, 97, 129, 152, 165, 173, 184, 185, 198, 203, 210, 239, 240, 250, 257, 270]
128; [24, 42, 59, 84, 100, 117, 120, 125, 133, 135, 142, 164, 168, 179, 181, 189, 221, 226, 286]; [9, 22, 33, 56, 70, 77, 133, 145, 225, 239, 243, 248, 256, 268, 286, 292]
129; [1, 53, 64, 68, 69, 84, 109, 127, 152, 175, 215, 258, 261, 262, 265]; [1, 51, 79, 112, 120, 123, 147, 149, 177, 214, 243, 262, 268, 280]
130; [2, 33, 80, 89, 90, 105, 107, 133, 137, 150, 154, 184, 192, 198, 234, 236, 247]; [1, 9, 11, 27, 40, 50, 66, 79, 85, 90, 126, 127, 158, 171, 174, 198, 220, 247, 256, 269, 274, 283, 292]
131; [8, 19, 29, 69, 93, 161, 177, 214, 218, 224, 271, 276, 277, 279, 282, 284]; [12, 34, 67, 95, 107, 146, 154, 189, 191, 193, 194, 213, 273, 283, 300]
132; [10, 44, 63, 68, 93, 97, 122, 133, 139, 140, 142, 172, 184, 210, 247, 255, 258, 277, 285, 288]; [5, 21, 24, 29, 64, 77, 113, 125, 139, 169, 173, 178, 189, 210, 238, 263, 266, 284, 285]
133; [2, 9, 37, 55, 59, 60, 65, 74, 94, 128, 155, 208, 214, 230, 233, 240, 249, 253, 260, 270, 287]; [12, 20, 28, 53, 95, 98, 101, 107, 113, 124, 128, 130, 132, 155, 156, 160, 163, 176, 191, 204, 205, 253, 299]
134; [40, 46, 82, 84, 144, 217, 231, 262]; [51, 68, 85, 91, 120, 127, 144, 187, 194, 254, 289, 297]
135; [10, 14, 56, 80, 96, 118, 151, 191, 197, 199, 203, 253, 255, 259, 276, 297]; [18, 23, 25, 27, 56, 60, 67, 98, 114, 117, 119, 128, 151, 157, 164, 177, 247, 274, 280, 283, 287]
136; [51, 61, 110, 142, 144, 169, 191, 197, 279, 285, 288, 292]; [53, 80, 84, 97, 104, 157, 189, 195, 251, 266, 273]
137; [15, 83, 86, 159, 258, 263, 279]; [22, 24, 28, 38, 51, 54, 57, 63, 81, 105, 116, 121, 130, 140, 153, 169, 203, 255]
138; [60, 65, 88, 106, 143, 153, 162, 232, 235, 252, 265, 274]; [11, 26, 34, 47, 53, 56, 70, 79, 108, 123, 147, 149, 154, 189, 204, 225, 238, 263, 271, 275, 289]
139; [33, 39, 40, 43, 52, 55, 73, 122, 132, 144, 152, 161, 168, 202, 209, 216, 238, 248, 262]; [36, 64, 65, 77, 78, 112, 119, 120, 121, 132, 171, 219, 254, 276, 277, 278, 282, 288]
140; [30, 36, 61, 107, 110, 119, 137, 142, 167, 188, 195, 202, 291, 298]; [5, 13, 33, 40, 95, 115, 126, 132, 142, 144, 147, 152, 165, 169, 175, 178, 256, 269, 290]
141; [40, 47, 67, 121, 122, 157, 162, 165, 173, 226, 233, 263, 267, 276, 286]; [1, 7, 22, 68, 156, 181, 182, 187, 194, 198, 217, 224, 228, 234, 250, 263, 269, 275, 284, 286]
142; [55, 66, 86, 104, 117, 140, 167, 178, 232, 237, 244, 259, 266, 291]; [27, 47, 85, 88, 128, 132, 136, 140, 230, 236, 296]
143; [20, 34, 64, 65, 96, 104, 113, 151, 157, 196, 200, 256, 267, 280, 297]; [20, 26, 52, 54, 71, 77, 87, 108, 113, 114, 117, 138, 158, 207, 229, 233, 260, 265, 271, 294, 297]
144; [36, 38, 53, 56, 86, 109, 125, 134, 140, 160, 175, 194, 245, 266]; [11, 50, 68, 100, 112, 115, 134, 136, 139, 146, 170, 187, 193, 195, 204, 231, 234, 292, 296]
145; [11, 26, 56, 61, 83, 100, 128, 159, 201, 211, 234, 237, 255, 257, 288]; [8, 61, 68, 77, 79, 88, 109, 116, 122, 151, 162, 184, 202, 203, 216, 223, 272]
146; [25, 45, 48, 52, 61, 64, 79, 131, 144, 157, 211, 264, 275, 281, 296]; [10, 12, 18, 41, 42, 61, 86, 116, 151, 168, 177, 241, 245, 278, 298]
147; [3, 20, 97, 123, 129, 138, 140, 190, 207, 212, 215, 293]; [30, 32, 49, 65, 69, 70, 74, 97, 126, 176, 197, 202, 220, 226, 229, 272, 282, 293]
148; [4, 7, 12, 16, 23, 35, 40, 72, 82, 84, 96, 118, 150, 170, 182, 185, 193, 195, 200, 232, 261, 265, 276]; [12, 19, 30, 44, 50, 60, 76, 97, 173, 193, 194, 197, 202, 219, 228, 249, 250]
149; [8, 11, 32, 56, 83, 84, 103, 129, 138, 155, 188, 197, 201, 215, 238, 243, 297]; [5, 11, 14, 21, 61, 166, 175, 185, 192, 200, 206, 209, 217, 237, 255]
150; [37, 43, 46, 57, 82, 83, 86, 100, 102, 123, 160, 161, 190, 200, 208, 213, 219, 224, 237, 249, 281]; [3, 5, 7, 24, 29, 32, 64, 65, 81, 84, 114, 130, 148, 177, 194, 212, 236, 245, 264]
151; [6, 26, 54, 55, 71, 85, 94, 113, 118, 119, 135, 145, 146, 187, 222, 230, 242, 246]; [39, 47, 57, 60, 91, 106, 135, 143, 156, 203, 216, 231, 267, 270, 298]
152; [46, 53, 102, 127, 140, 170, 197, 208, 212, 218, 221, 240, 248, 266, 274, 275, 284, 288, 291, 292, 297]; [31, 62, 70, 109, 124, 129, 139, 216, 246, 265, 280]
153; [4, 8, 17, 28, 35, 72, 87, 99, 100, 137, 172, 209, 228, 245, 297]; [17, 19, 74, 77, 98, 114, 138, 166, 168, 188, 189, 203, 215, 244, 257, 270, 281, 288]
154; [32, 33, 34, 39, 49, 54, 102, 108, 131, 138, 175, 196, 200, 221, 297]; [2, 15, 26, 27, 32, 89, 101, 104, 118, 130, 161, 165, 235, 237, 253, 258, 267]
155; [4, 6, 7, 67, 76, 81, 87, 133, 159, 166, 189, 203, 204, 223, 233, 269, 278, 295, 299]; [9, 22, 25, 45, 62, 99, 122, 133, 149, 169, 211, 265, 279, 284]
156; [6, 11, 20, 27, 37, 59, 61, 105, 106, 111, 133, 141, 151, 195, 226, 235, 240, 261, 272, 291]; [3, 4, 10, 110, 157, 167, 189, 202, 221, 226, 251, 275]
157; [34, 42, 99, 122, 135, 136, 156, 165, 197, 226, 245, 279, 292, 293]; [21, 32, 60, 90, 91, 101, 122, 141, 143, 146, 171, 216, 226, 231, 247, 268, 290]
158; [19, 35, 38, 52, 97, 110, 118, 123, 130, 143, 186, 204, 258, 291]; [14, 29, 53, 116, 127, 162, 177, 185, 193, 227, 237, 240, 253, 274, 280, 285, 287, 292]
159; [9, 25, 31, 39, 49, 58, 61, 84, 86, 97, 110, 124, 162, 174, 205, 226, 233, 266, 289]; [4, 7, 16, 21, 73, 86, 121, 137, 145, 155, 161, 162, 164, 190, 191, 200, 213, 231, 238, 247]
160; [11, 28, 39, 46, 48, 56, 64, 89, 133, 182, 230, 238, 251, 258]; [5, 57, 67, 79, 119, 127, 144, 150, 171, 175, 188, 195, 252, 290]
161; [27, 62, 78, 83, 97, 116, 154, 159, 181, 210, 272, 286]; [3, 13, 15, 24, 39, 71, 104, 119, 131, 139, 150, 166, 210, 251, 254, 265, 285, 291]
162; [46, 57, 73, 114, 126, 145, 158, 159, 176, 177, 180, 181, 197, 198, 199, 205, 215, 292, 298]; [1, 8, 38, 46, 48, 93, 116, 119, 138, 141, 159, 166, 171, 193, 241, 246, 251, 253, 274, 290]
163; [1, 56, 66, 115, 133, 171, 177, 178, 198, 204, 247, 254, 277]; [18, 26, 76, 86, 103, 120, 125, 171, 176, 184, 195, 223, 234, 241, 266, 279, 286, 297]
164; [58, 60, 67, 68, 91, 96, 135, 159, 217, 244, 248, 259, 261, 265, 274]; [4, 5, 6, 43, 45, 103, 120, 128, 174, 192, 199, 240, 244, 255, 256, 265, 272, 277, 293]
165; [32, 36, 38, 52, 81, 88, 95, 98, 110, 127, 140, 154, 191, 203, 210, 241, 254, 285, 288, 295]; [16, 40, 42, 43, 44, 52, 75, 78, 98, 106, 124, 141, 157, 208, 234, 256, 290]
166; [6, 7, 9, 11, 26, 31, 32, 56, 91, 110, 149, 153, 161, 162, 190, 211, 220, 238, 270, 280]; [27, 30, 74, 155, 169, 191, 194, 204, 214, 216, 217, 218, 234, 238, 241, 278, 286]
167; [20, 30, 32, 37, 44, 50, 54, 73, 107, 156, 220, 255, 256, 286, 290, 291]; [5, 23, 36, 37, 110, 124, 140, 142, 186, 203, 214, 243]
168; [11, 18, 21, 33, 51, 71, 110, 146, 153, 184, 224, 241, 253, 275, 290]; [18, 21, 31, 51, 73, 83, 103, 121, 128, 139, 189, 190, 193, 202, 209, 230, 240, 255, 266]
169; [1, 21, 27, 37, 39, 48, 50, 52, 99, 101, 119, 132, 137, 140, 155, 166, 171, 201, 280]; [1, 13, 16, 18, 49, 50, 75, 78, 115, 136, 170, 172, 221, 226, 235, 236, 268, 276]
170; [18, 55, 102, 123, 144, 169, 202, 204, 207, 226, 230, 238, 239, 268, 275]; [15, 17, 18, 62, 63, 72, 76, 96, 107, 114, 148, 152, 188, 200, 223, 234, 240, 258, 270, 272, 288]
171; [3, 19, 47, 49, 62, 95, 96, 99, 130, 139, 157, 160, 162, 163, 185, 189, 210, 211, 238, 287]; [30, 59, 62, 79, 97, 115, 163, 169, 193, 195, 223, 284, 286]
172; [12, 51, 69, 81, 83, 91, 100, 117, 169, 182, 198, 202, 215, 259, 265, 275]; [4, 14, 23, 27, 28, 107, 132, 153, 174, 192, 210, 212, 218, 223, 257, 269, 271, 282, 285]
173; [12, 24, 84, 108, 127, 132, 148, 182, 224, 258, 267, 296]; [1, 2, 15, 20, 35, 53, 57, 117, 120, 141, 184, 207, 209, 220, 238, 249, 267, 281, 291]
174; [15, 20, 29, 42, 67, 71, 130, 164, 172, 187, 194, 203, 218, 229, 250, 256]; [6, 8, 17, 24, 56, 115, 159, 207, 251, 253, 278]
175; [21, 33, 34, 68, 105, 140, 149, 160, 177, 185, 196, 203, 222, 227, 257, 267, 283, 293]; [11, 55, 69, 80, 82, 119, 129, 144, 154, 188, 198, 213, 219, 260, 287, 288]
176; [27, 32, 87, 108, 133, 147, 163, 208, 212, 233, 259, 271, 287]; [86, 99, 100, 103, 113, 119, 162, 203, 207, 212, 227, 234, 255, 261, 277, 281]
177; [47, 79, 85, 100, 111, 129, 135, 146, 150, 158, 178, 201, 239, 250, 253, 280, 284, 293]; [6, 12, 28, 32, 39, 41, 69, 77, 78, 107, 110, 123, 131, 162, 163, 175, 188, 193, 215, 229, 241, 284, 292]
178; [4, 45, 58, 71, 72, 81, 86, 107, 123, 132, 140, 187, 226, 238, 249, 296]; [20, 29, 32, 41, 46, 111, 142, 163, 177, 194, 203, 241, 247, 261, 268, 289, 298, 299]
179; [20, 31, 33, 53, 69, 86, 88, 116, 189, 205, 220, 235, 241, 256, 265]; [8, 25, 29, 68, 100, 101, 117, 128, 229, 246, 257, 296]
180; [1, 18, 49, 60, 108, 119, 193, 202, 205, 246, 262, 270, 285, 286]; [11, 14, 35, 54, 63, 68, 71, 80, 88, 91, 92, 108, 120, 162, 208, 237, 255, 269]
181; [18, 25, 30, 36, 46, 49, 50, 55, 68, 90, 107, 111, 117, 141, 202, 216, 231, 240, 260, 267, 269, 286, 291]; [73, 86, 88, 95, 104, 105, 109, 114, 128, 161, 162, 235, 282, 283, 295]
182; [17, 19, 43, 56, 93, 107, 108, 111, 116, 141, 193, 269, 282, 296]; [15, 17, 22, 32, 51, 57, 64, 98, 104, 118, 123, 148, 160, 172, 173, 210, 230, 250, 257, 263, 273, 283, 284, 290, 293]
183; [11, 17, 53, 66, 121, 201, 203, 211, 214, 239, 241, 248, 280, 297, 300]; [1, 5, 30, 35, 44, 53, 71, 118, 258, 264, 271, 272, 287]
184; [6, 15, 19, 22, 24, 33, 42, 79, 84, 95, 112, 127, 145, 163, 173, 219, 240, 246, 270, 274, 294]; [1, 33, 34, 35, 77, 81, 89, 92, 124, 125, 130, 132, 168, 202, 230, 254, 256, 281]
185; [16, 17, 31, 49, 59, 64, 70, 77, 97, 127, 149, 158, 186, 197, 241, 254, 268, 277, 278, 285]; [16, 26, 56, 110, 148, 171, 175, 209, 220, 231]
186; [11, 12, 40, 43, 44, 68, 167, 188, 194, 243, 246, 247, 255, 256, 261, 277, 283]; [54, 78, 100, 124, 158, 185, 229, 244, 251, 257, 258, 266]
187; [1, 31, 39, 67, 71, 74, 86, 111, 134, 141, 144, 200, 261, 277, 286]; [2, 21, 34, 51, 52, 61, 62, 71, 80, 120, 126, 151, 174, 178, 207, 220, 223, 272, 298]
188; [1, 5, 19, 43, 70, 85, 97, 105, 106, 126, 153, 160, 170, 175, 177, 216, 217, 235, 245, 256, 274, 280, 287]; [4, 8, 15, 62, 87, 140, 149, 186, 222, 223, 237, 243, 244, 253, 276]
189; [7, 25, 38, 54, 57, 100, 108, 126, 131, 132, 136, 138, 153, 156, 168, 191, 193, 241, 242, 253, 278, 279]; [18, 36, 42, 102, 114, 128, 155, 171, 179, 199, 202, 223, 267, 277, 284]
190; [3, 7, 12, 19, 28, 111, 122, 159, 168, 205, 257]; [13, 24, 45, 53, 67, 104, 106, 116, 120, 122, 147, 150, 166, 201, 220, 231, 259]
191; [13, 24, 34, 64, 89, 131, 133, 159, 166, 195, 196, 221, 228, 257, 280, 287, 289]; [34, 56, 75, 81, 99, 118, 135, 136, 165, 189, 199, 200, 215, 217, 247, 261, 280]
192; [7, 38, 39, 49, 52, 57, 77, 78, 97, 149, 164, 172, 206, 263, 290]; [1, 14, 18, 83, 97, 130, 195, 229, 236, 241, 269, 281, 282, 297, 300]
193; [11, 37, 78, 131, 144, 148, 158, 162, 168, 171, 177, 208, 231, 237, 254, 264, 265, 272, 273]; [20, 26, 33, 40, 57, 72, 116, 122, 124, 148, 180, 182, 189, 195, 222, 226, 228, 256, 285, 288, 295]
194; [1, 2, 42, 47, 53, 55, 100, 104, 108, 109, 121, 131, 134, 141, 148, 150, 166, 178, 207, 217, 235, 244, 262, 282, 300]; [7, 20, 26, 54, 59, 68, 82, 120, 144, 174, 186, 196, 214, 222, 231, 235, 236, 254, 261, 281, 293]
195; [11, 19, 20, 33, 70, 115, 136, 144, 160, 163, 171, 192, 193, 218, 225, 251, 263, 277, 289, 293]; [42, 61, 86, 104, 105, 122, 140, 148, 156, 191, 225, 244, 289]
196; [17, 36, 91, 111, 113, 115, 118, 194, 200, 208, 222, 242, 248, 260, 262, 297]; [9, 77, 96, 107, 117, 119, 143, 154, 175, 191, 235, 239, 240, 252, 264, 283, 292]
197; [20, 36, 63, 93, 97, 147, 148, 200, 202, 239, 244, 282, 290]; [3, 20, 46, 71, 119, 127, 135, 136, 149, 152, 157, 162, 185, 260, 263, 273, 279, 282, 293]
198; [5, 15, 33, 35, 43, 46, 82, 113, 127, 130, 141, 175, 214, 227, 230, 249, 258, 273, 291]; [10, 43, 50, 83, 102, 130, 162, 163, 172, 203, 216, 225, 226, 251, 253, 291]
199; [4, 10, 17, 54, 79, 107, 121, 164, 189, 191, 215, 233, 251, 253, 260, 266, 274, 300]; [10, 15, 27, 36, 43, 53, 59, 91, 127, 135, 162, 202, 210, 221, 225, 243, 251, 254, 261, 282, 288, 292, 298]
200; [17, 20, 24, 27, 58, 107, 119, 123, 149, 159, 170, 191, 204, 205, 215, 224, 242, 244, 272, 278]; [21, 30, 93, 143, 148, 150, 154, 187, 196, 197, 209, 223, 242, 245, 280, 295]
201; [21, 23, 29, 58, 63, 75, 79, 107, 113, 120, 190, 207, 249, 252, 253, 280]; [30, 64, 72, 76, 90, 145, 149, 169, 177, 183, 217, 238, 244, 273, 274, 276, 289, 293]
202; [24, 28, 49, 116, 145, 147, 148, 156, 168, 184, 189, 199, 203, 227, 252, 270, 274, 280, 281, 286, 290]; [2, 26, 43, 48, 57, 88, 139, 140, 170, 172, 180, 181, 197, 220, 251, 255, 260, 266]
203; [22, 31, 34, 60, 85, 99, 102, 119, 120, 127, 137, 145, 151, 153, 167, 176, 178, 198, 219, 271, 296]; [6, 23, 25, 31, 48, 60, 68, 75, 115, 119, 127, 135, 155, 165, 174, 175, 183, 202, 225, 226, 260, 277]
204; [27, 41, 50, 56, 64, 81, 122, 133, 138, 144, 166, 219, 221, 233, 256, 268, 273, 275, 285]; [35, 46, 49, 80, 84, 95, 111, 116, 127, 155, 158, 163, 170, 200, 228, 263, 265, 269, 271, 300]
205; [16, 62, 80, 97, 133, 243, 246, 248, 249, 255, 297]; [12, 29, 40, 63, 99, 159, 162, 179, 180, 190, 200, 239, 241, 256, 263, 265, 293]
206; [21, 23, 149, 223, 226, 237, 246, 256, 260, 274, 280, 298]; [24, 26, 30, 74, 100, 107, 192, 232, 233, 240, 268, 274]
207; [27, 40, 48, 57, 99, 115, 120, 126, 143, 173, 174, 176, 187, 215, 216, 242, 246]; [8, 10, 11, 42, 66, 69, 96, 119, 125, 147, 170, 194, 201, 296]
208; [4, 8, 51, 71, 73, 89, 113, 165, 180, 211, 218, 222, 246, 253, 266, 283, 284, 289, 298]; [17, 67, 75, 84, 106, 133, 150, 152, 176, 193, 196, 223, 254, 264, 287]
209; [7, 17, 32, 47, 58, 67, 75, 84, 85, 90, 101, 125, 149, 168, 173, 185, 200, 231, 244, 264, 268, 279, 295]; [9, 18, 41, 76, 120, 127, 139, 153, 226, 248, 259, 262, 263, 273, 293]
210; [16, 21, 24, 46, 77, 78, 104, 122, 127, 132, 161, 172, 182, 199, 244, 255, 283]; [38, 47, 76, 82, 103, 111, 112, 122, 132, 161, 165, 171, 211, 214, 220, 242, 258, 271, 274, 296]
211; [1, 9, 22, 35, 38, 46, 126, 155, 210, 216, 220, 234, 235, 243, 249, 255, 256, 271]; [24, 45, 62, 63, 101, 110, 116, 123, 145, 146, 166, 171, 183, 208, 217, 243, 283]
212; [2, 7, 11, 13, 31, 38, 44, 64, 92, 104, 105, 111, 126, 150, 172, 176, 224, 256, 272, 282, 300]; [1, 14, 49, 55, 74, 85, 99, 107, 127, 147, 152, 176, 213, 224, 241, 251, 262, 269, 273, 278, 289]
213; [15, 27, 58, 73, 93, 120, 122, 131, 159, 175, 212, 265, 267, 292]; [10, 11, 19, 21, 27, 32, 33, 49, 88, 150, 222, 236, 243, 300]
214; [42, 55, 56, 94, 97, 129, 166, 167, 194, 210, 254]; [1, 46, 60, 69, 71, 74, 91, 93, 101, 105, 113, 131, 133, 183, 198, 218, 274, 275, 288, 291]
215; [4, 25, 37, 39, 84, 97, 98, 104, 118, 153, 177, 191, 225, 234, 248, 255, 257]; [41, 76, 88, 127, 129, 147, 149, 162, 172, 199, 200, 207, 222, 235, 251, 252, 269, 291, 295]
216; [11, 42, 44, 64, 90, 98, 100, 126, 145, 151, 152, 157, 166, 198, 234, 239, 256, 258, 259, 299]; [3, 19, 25, 38, 42, 66, 79, 97, 111, 120, 139, 181, 188, 207, 211, 226, 245, 249, 297]
217; [13, 61, 65, 74, 115, 141, 149, 166, 191, 201, 211, 240, 264, 272, 276, 290]; [1, 7, 22, 34, 40, 41, 64, 66, 70, 90, 92, 134, 164, 188, 194, 218, 221, 223, 225, 272, 274, 275, 284, 289]
218; [2, 24, 43, 68, 91, 105, 109, 116, 122, 126, 166, 172, 214, 217, 228, 274, 278]; [19, 20, 72, 88, 114, 115, 131, 152, 174, 195, 208, 251, 256, 267, 279]
219; [3, 20, 34, 36, 42, 43, 57, 113, 122, 139, 148, 175, 283, 293]; [3, 19, 28, 36, 70, 76, 103, 107, 150, 184, 203, 204, 263, 276, 296]
220; [5, 17, 130, 147, 173, 185, 187, 190, 202, 210, 249, 259, 273, 299]; [58, 59, 96, 123, 166, 167, 179, 211, 225, 228, 246, 250, 258, 263, 272, 291]
221; [2, 65, 68, 76, 87, 104, 117, 125, 156, 169, 199, 217, 234, 241, 266, 278]; [3, 7, 8, 23, 119, 124, 128, 152, 154, 191, 204, 226, 248, 255, 277, 282, 299]
222; [25, 61, 188, 193, 194, 213, 215, 238, 244]; [35, 53, 63, 67, 108, 109, 151, 175, 196, 208, 278, 282, 286]
223; [3, 11, 27, 40, 57, 101, 145, 163, 170, 171, 172, 187, 188, 189, 200, 208, 217, 233]; [18, 79, 95, 104, 124, 155, 206, 231, 245, 261, 275]
224; [65, 120, 125, 141, 212, 291]; [14, 60, 61, 63, 73, 114, 131, 150, 168, 173, 200, 212, 227, 233, 257, 267, 268, 273, 291, 296]
225; [23, 76, 88, 100, 104, 128, 138, 195, 198, 199, 203, 217, 220, 230, 238, 253, 261, 268, 272, 283, 284]; [19, 23, 42, 68, 77, 99, 127, 195, 215, 238, 244, 257, 259, 261]
226; [9, 18, 46, 64, 87, 88, 147, 156, 157, 169, 193, 198, 203, 209, 216, 221, 241, 253, 256, 260, 267, 286, 291, 297]; [17, 18, 40, 80, 105, 128, 141, 156, 157, 159, 170, 178, 206, 257, 284, 291]
227; [8, 9, 12, 52, 69, 77, 98, 124, 158, 176, 224, 233, 234, 246, 260, 271]; [31, 32, 36, 54, 71, 74, 100, 102, 108, 175, 198, 202, 285]
228; [3, 17, 29, 103, 117, 141, 148, 193, 204, 220, 247, 251, 257, 265, 300]; [2, 63, 86, 111, 153, 191, 218, 245, 249, 250, 265, 272, 273, 290, 291, 297]
229; [18, 92, 111, 143, 147, 177, 179, 186, 192, 245]; [11, 22, 60, 73, 74, 85, 94, 174, 235, 240, 281, 294]
230; [49, 67, 69, 87, 110, 142, 168, 182, 184, 261, 278]; [18, 75, 93, 115, 120, 133, 151, 160, 170, 198, 225, 247, 264, 279]
231; [25, 27, 54, 73, 78, 82, 101, 108, 122, 123, 144, 151, 157, 159, 185, 190, 194, 223, 237, 239, 253, 261, 271, 277, 280]; [80, 82, 83, 97, 134, 181, 193, 209, 241, 273, 286, 299]
232; [15, 33, 40, 51, 108, 206, 235, 269, 281, 292]; [5, 34, 36, 98, 105, 138, 142, 148, 240, 242, 257, 281, 295]
233; [9, 12, 60, 64, 66, 113, 143, 206, 224, 236, 273, 279, 300]; [24, 31, 40, 51, 80, 90, 100, 106, 107, 112, 122, 127, 133, 141, 155, 159, 176, 199, 204, 223, 227, 273, 275]
234; [10, 41, 63, 66, 93, 104, 107, 119, 141, 144, 163, 165, 166, 170, 176, 240, 255, 259, 274, 295]; [35, 58, 130, 145, 211, 215, 216, 221, 227, 258, 281, 283]
235; [3, 21, 29, 56, 87, 92, 154, 169, 181, 194, 196, 215, 229, 247, 252, 259, 267, 278, 281, 287, 293]; [21, 48, 69, 85, 96, 99, 116, 138, 156, 179, 188, 194, 211, 232, 238, 239, 244, 256, 261, 265, 281, 283, 288, 296]
236; [8, 10, 18, 28, 29, 35, 48, 103, 142, 150, 169, 192, 194, 213, 258, 298]; [39, 62, 68, 76, 111, 115, 120, 130, 233, 246, 270]
237; [1, 5, 48, 93, 116, 119, 149, 154, 158, 180, 188, 264, 283]; [83, 93, 95, 109, 142, 145, 150, 193, 206, 231, 249, 267, 291]
238; [7, 10, 18, 27, 53, 89, 116, 132, 138, 159, 166, 173, 201, 225, 235, 242, 275, 292, 294, 299]; [9, 25, 54, 56, 61, 69, 75, 85, 109, 117, 122, 126, 139, 149, 160, 166, 170, 171, 178, 222, 225, 250, 261, 276]
239; [17, 22, 24, 49, 90, 92, 107, 127, 128, 196, 205, 235, 240, 246, 254]; [3, 13, 25, 29, 36, 46, 79, 105, 117, 170, 177, 183, 197, 216, 231, 244, 261, 295, 298]
240; [21, 38, 43, 72, 79, 84, 87, 100, 127, 158, 164, 168, 170, 196, 206, 229, 232, 243, 264, 290]; [24, 50, 62, 84, 110, 133, 152, 156, 181, 184, 217, 234, 239, 281, 287, 290]
241; [5, 8, 10, 50, 53, 75, 126, 146, 162, 163, 166, 177, 178, 192, 205, 212, 231, 249, 256, 268, 272, 277, 283, 285]; [5, 40, 50, 54, 68, 80, 83, 103, 116, 165, 168, 179, 183, 185, 189, 221, 226, 296]
242; [27, 41, 53, 200, 210, 232, 262, 265, 272, 276, 284, 285]; [25, 31, 69, 114, 151, 189, 196, 200, 207, 238, 255, 256, 291]
243; [11, 27, 49, 58, 62, 78, 83, 85, 109, 112, 123, 128, 129, 167, 188, 199, 211, 213, 257, 258, 259, 278]; [5, 13, 18, 21, 33, 53, 149, 186, 205, 211, 240, 276, 281]
244; [7, 23, 31, 71, 92, 107, 153, 164, 186, 188, 195, 201, 225, 235, 239, 257, 278, 285, 293]; [11, 22, 42, 52, 121, 142, 164, 194, 197, 200, 209, 210, 222, 278, 281]
245; [1, 36, 74, 90, 146, 150, 200, 216, 223, 228]; [5, 34, 58, 110, 144, 153, 157, 188, 229, 252, 259, 287, 290, 292]
246; [5, 6, 38, 41, 46, 105, 111, 124, 152, 162, 179, 220, 236, 273, 289, 298]; [2, 46, 49, 73, 77, 99, 151, 180, 184, 186, 205, 206, 207, 208, 227, 239, 253, 258, 276, 286]
247; [56, 101, 113, 114, 130, 135, 157, 159, 178, 191, 230, 280]; [1, 32, 54, 107, 109, 130, 132, 163, 186, 228, 235, 277, 286, 292]
248; [3, 5, 23, 51, 85, 91, 113, 125, 128, 209, 221, 252, 291]; [20, 30, 55, 68, 104, 107, 118, 139, 152, 164, 183, 196, 205, 215, 257, 260]
249; [12, 39, 44, 69, 72, 116, 120, 148, 173, 216, 228, 237, 265, 270, 294]; [15, 52, 59, 123, 133, 150, 178, 198, 201, 205, 211, 220, 241, 254, 269, 275, 295]
250; [8, 20, 28, 34, 37, 50, 75, 84, 93, 105, 127, 141, 148, 182, 220, 228, 238, 261, 278, 296, 300]; [6, 27, 43, 51, 52, 56, 98, 105, 174, 177, 263, 292]
251; [6, 10, 20, 37, 38, 67, 80, 136, 156, 161, 162, 174, 186, 198, 199, 202, 212, 215, 218, 268, 269, 275, 280, 286]; [81, 116, 160, 195, 199, 228, 261, 264, 268, 271]
252; [7, 25, 37, 60, 62, 67, 89, 125, 160, 196, 215, 245, 253, 254, 261, 263, 270, 287, 289]; [13, 26, 27, 34, 83, 138, 201, 202, 235, 248, 268]
253; [8, 36, 81, 90, 101, 104, 126, 133, 154, 158, 162, 174, 188, 198, 246, 260, 281, 292]; [11, 21, 26, 30, 42, 50, 55, 71, 108, 133, 135, 168, 177, 189, 199, 201, 208, 225, 226, 231, 252, 258, 262, 272]
254; [47, 49, 79, 93, 103, 134, 139, 161, 184, 194, 199, 208, 249, 291]; [7, 88, 101, 115, 121, 163, 165, 185, 193, 214, 239, 252, 257, 263]
255; [74, 84, 88, 126, 137, 149, 164, 168, 176, 180, 202, 221, 242]; [20, 24, 28, 35, 45, 62, 65, 71, 79, 103, 123, 126, 132, 135, 145, 167, 186, 205, 210, 211, 215, 234, 264]
256; [7, 12, 30, 81, 117, 125, 128, 130, 140, 164, 165, 184, 193, 205, 218, 235, 242, 257, 284]; [15, 43, 67, 143, 167, 174, 179, 186, 188, 204, 206, 211, 212, 216, 226, 241, 296]
257; [1, 10, 25, 29, 51, 127, 153, 172, 179, 182, 186, 224, 225, 226, 232, 248, 254, 276, 283, 285, 290]; [29, 46, 58, 59, 65, 81, 84, 92, 118, 145, 175, 190, 191, 215, 228, 243, 244, 256, 299]
258; [3, 65, 81, 100, 154, 170, 183, 186, 210, 220, 234, 246, 253, 282]; [9, 30, 75, 78, 89, 93, 94, 96, 111, 129, 132, 137, 158, 160, 173, 198, 216, 236, 243, 271, 290]
259; [4, 26, 35, 44, 64, 78, 89, 91, 111, 121, 190, 209, 225, 245, 262, 267, 296]; [3, 14, 16, 31, 54, 56, 77, 101, 123, 135, 142, 164, 172, 176, 216, 220, 234, 235, 243, 270, 273, 284, 299]
260; [19, 46, 60, 94, 103, 143, 175, 197, 202, 203, 248, 274]; [12, 14, 28, 72, 82, 114, 116, 133, 181, 196, 199, 206, 226, 227, 253, 269, 278, 282]
261; [17, 47, 52, 90, 96, 105, 114, 176, 178, 191, 194, 199, 223, 225, 235, 238, 239, 251, 268]; [10, 11, 29, 44, 46, 55, 64, 71, 98, 120, 122, 129, 148, 156, 164, 186, 187, 225, 230, 231, 250, 252, 270, 275, 286, 289]
262; [2, 22, 28, 52, 57, 65, 109, 118, 129, 209, 212, 253, 263, 275, 299, 300]; [1, 2, 16, 17, 28, 37, 51, 95, 96, 98, 103, 105, 112, 122, 129, 134, 139, 180, 194, 196, 242, 259, 264]
263; [9, 13, 18, 52, 58, 104, 110, 123, 132, 138, 141, 182, 197, 204, 205, 209, 219, 220, 250, 254, 266, 270, 299]; [19, 71, 72, 82, 103, 117, 122, 137, 141, 192, 195, 252, 262, 278, 286, 291, 297]
264; [12, 31, 41, 55, 58, 70, 116, 150, 183, 196, 208, 230, 251, 255, 262, 281, 300]; [44, 49, 63, 83, 85, 103, 146, 193, 209, 217, 237, 240, 280, 281]
265; [12, 23, 40, 71, 72, 83, 90, 143, 152, 155, 161, 164, 204, 205, 228, 235, 290, 292]; [16, 57, 79, 93, 110, 129, 138, 148, 164, 172, 179, 193, 213, 228, 242, 249, 279]
266; [29, 63, 70, 86, 132, 136, 163, 168, 186, 202, 288]; [2, 23, 33, 82, 101, 111, 122, 142, 144, 152, 159, 199, 208, 221, 263, 269, 285, 286]
267; [10, 69, 151, 154, 173, 189, 218, 224, 237, 277, 283, 295]; [7, 31, 41, 53, 64, 69, 82, 93, 107, 141, 143, 173, 175, 181, 213, 226, 235, 259, 270, 279, 284, 285, 289, 298]
268; [3, 30, 57, 73, 74, 111, 112, 116, 119, 128, 129, 157, 169, 178, 206, 224, 251, 252, 269]; [39, 44, 61, 116, 123, 170, 185, 204, 209, 225, 241, 251, 261, 277, 285, 288, 293]
269; [40, 130, 140, 141, 172, 180, 192, 204, 212, 215, 249, 260, 266, 279, 281]; [29, 40, 45, 54, 56, 65, 83, 104, 111, 116, 155, 181, 182, 232, 251, 268, 282, 293]
270; [32, 46, 121, 127, 151, 153, 170, 236, 259, 261, 267]; [79, 103, 108, 133, 166, 180, 184, 202, 249, 252, 263, 292]
271; [6, 10, 20, 61, 63, 65, 112, 119, 138, 143, 172, 183, 204, 210, 251, 258, 273, 283]; [14, 21, 31, 59, 78, 113, 131, 176, 203, 211, 227, 231, 285, 298]
272; [19, 30, 39, 44, 65, 78, 91, 100, 109, 145, 147, 164, 170, 183, 187, 217, 220, 228, 253]; [27, 34, 44, 46, 56, 60, 66, 103, 117, 125, 156, 161, 193, 200, 212, 217, 225, 241, 242, 287]
273; [2, 8, 11, 48, 65, 84, 98, 102, 110, 131, 136, 182, 197, 201, 209, 212, 224, 228, 231, 233, 259]; [25, 32, 38, 42, 52, 78, 89, 96, 193, 198, 204, 220, 233, 246, 271, 287, 297, 298]
274; [57, 74, 75, 93, 130, 135, 158, 162, 201, 206, 210, 214, 217, 278, 299]; [19, 25, 27, 42, 44, 85, 87, 102, 106, 115, 138, 152, 164, 184, 188, 199, 202, 206, 218, 234, 260, 276]
275; [47, 62, 76, 80, 138, 141, 156, 214, 217, 223, 233, 249, 261, 284]; [22, 23, 39, 45, 55, 109, 116, 119, 146, 152, 168, 170, 172, 204, 238, 251, 262, 292, 300]
276; [7, 26, 102, 139, 169, 188, 201, 219, 238, 243, 246, 274, 282]; [18, 34, 48, 76, 77, 84, 99, 120, 131, 135, 141, 148, 217, 242, 257, 283]
277; [26, 79, 98, 139, 164, 176, 189, 203, 221, 247, 268, 286, 297]; [44, 47, 48, 68, 113, 126, 131, 132, 163, 185, 186, 187, 195, 231, 241, 267, 288, 290, 299]
278; [31, 79, 81, 83, 86, 112, 115, 139, 146, 166, 174, 212, 222, 244, 260, 263, 291]; [39, 95, 104, 155, 185, 189, 200, 218, 221, 230, 235, 243, 244, 250, 274, 285, 295, 297]
279; [1, 6, 64, 74, 81, 92, 95, 110, 112, 118, 155, 163, 197, 218, 230, 265, 267, 285, 298]; [45, 48, 52, 87, 94, 98, 114, 120, 131, 136, 137, 157, 189, 209, 233, 269, 290]
280; [17, 34, 35, 36, 86, 110, 129, 135, 152, 158, 191, 200, 264, 293, 294]; [1, 3, 11, 22, 40, 79, 143, 166, 169, 177, 183, 188, 191, 201, 202, 206, 231, 247, 251, 284, 300]
281; [5, 9, 10, 50, 66, 73, 76, 99, 115, 153, 173, 176, 184, 192, 194, 229, 232, 234, 235, 240, 243, 244, 264, 291]; [3, 8, 29, 49, 50, 58, 63, 146, 150, 202, 232, 235, 253, 264, 269, 289]
282; [3, 19, 33, 44, 51, 52, 102, 105, 109, 124, 139, 147, 172, 181, 192, 197, 199, 221, 222, 260, 269]; [22, 46, 51, 67, 104, 113, 115, 127, 131, 182, 194, 197, 212, 258, 276]
283; [13, 22, 35, 40, 69, 75, 119, 126, 130, 131, 135, 181, 182, 196, 211, 234, 235, 276]; [1, 39, 47, 53, 56, 64, 77, 105, 175, 186, 208, 210, 219, 225, 237, 241, 257, 267, 271, 289, 292]
284; [29, 80, 88, 132, 141, 155, 171, 177, 182, 189, 217, 226, 259, 267, 280]; [2, 12, 24, 63, 68, 78, 85, 93, 131, 152, 177, 208, 225, 242, 256, 275]
285; [3, 27, 30, 31, 38, 70, 102, 132, 158, 161, 172, 193, 227, 266, 267, 268, 271, 278]; [30, 46, 69, 78, 100, 132, 136, 165, 180, 185, 204, 241, 242, 244, 257, 279]
286; [7, 17, 42, 44, 51, 62, 87, 93, 101, 102, 107, 112, 118, 128, 141, 163, 166, 171, 222, 231, 246, 247, 261, 263, 266, 292, 295]; [36, 43, 53, 73, 93, 99, 117, 128, 141, 161, 167, 180, 181, 187, 202, 226, 251, 277, 294, 298]
287; [3, 14, 38, 55, 75, 101, 108, 135, 158, 175, 183, 208, 240, 245, 272, 273]; [8, 14, 22, 57, 73, 101, 108, 123, 127, 133, 171, 176, 188, 191, 235, 252]
288; [54, 74, 94, 139, 153, 170, 175, 193, 199, 214, 235, 268, 277]; [24, 55, 67, 72, 82, 92, 99, 107, 112, 120, 132, 136, 145, 152, 165, 266]
289; [2, 14, 41, 48, 84, 101, 124, 134, 138, 178, 195, 201, 212, 217, 261, 267, 281, 283, 300]; [2, 5, 26, 37, 44, 57, 63, 107, 123, 159, 191, 195, 208, 246, 252]
290; [31, 43, 49, 60, 74, 103, 108, 112, 126, 140, 157, 160, 162, 165, 182, 228, 240, 245, 258, 277, 279]; [1, 4, 8, 31, 105, 167, 168, 192, 197, 202, 217, 240, 257, 265]
291; [7, 9, 39, 66, 110, 112, 161, 173, 198, 214, 215, 220, 224, 226, 228, 237, 242, 263]; [4, 24, 50, 73, 84, 105, 110, 122, 140, 142, 152, 156, 158, 167, 181, 198, 224, 226, 248, 254, 278, 281, 292]
292; [1, 7, 10, 53, 87, 92, 128, 130, 144, 158, 177, 196, 199, 245, 247, 250, 270, 275, 283, 291, 296]; [1, 12, 61, 81, 107, 136, 152, 157, 162, 213, 232, 238, 253, 265, 286]
293; [17, 26, 41, 82, 99, 147, 164, 182, 194, 197, 201, 205, 209, 268, 269]; [38, 85, 90, 94, 147, 157, 175, 177, 195, 219, 235, 244, 280, 295]
294; [32, 46, 55, 56, 100, 113, 143, 229, 286]; [4, 77, 95, 112, 184, 238, 249, 280]
295; [38, 41, 43, 50, 53, 54, 60, 86, 96, 116, 122, 125, 181, 193, 200, 215, 232, 239, 249, 278, 293, 299, 300]; [1, 2, 31, 59, 81, 93, 122, 155, 165, 209, 234, 267, 286]
296; [10, 27, 54, 66, 77, 84, 117, 122, 126, 142, 144, 179, 207, 210, 219, 224, 235, 241, 256]; [12, 22, 24, 46, 80, 82, 106, 118, 146, 173, 178, 182, 203, 250, 259, 292]
297; [21, 23, 87, 88, 114, 134, 143, 163, 192, 216, 228, 263, 273, 278]; [1, 22, 24, 76, 85, 135, 143, 149, 152, 153, 154, 183, 196, 205, 226, 277]
298; [5, 96, 105, 117, 146, 151, 178, 187, 199, 239, 267, 271, 273, 286]; [8, 11, 19, 28, 62, 88, 97, 98, 127, 140, 162, 206, 208, 236, 246, 279]
299; [3, 9, 14, 17, 28, 32, 34, 52, 68, 71, 109, 110, 113, 133, 178, 221, 231, 257, 259, 277]; [41, 63, 66, 81, 83, 87, 94, 123, 155, 216, 220, 238, 262, 263, 274, 295]
300; [4, 7, 18, 27, 43, 53, 72, 81, 121, 122, 124, 131, 192, 204, 213, 275, 280]; [88, 114, 123, 125, 183, 194, 199, 212, 228, 233, 250, 262, 264, 289, 295]
